id_cliente,mes,quantidade_transacoes,valor_total
476,9,45,6685.86
279,9,77,14.52
402,9,94,1532.5
414,10,18,7049.04
423,11,80,15181.3
93,4,88,16632.58
324,5,57,6872.37
44,9,10,12099.22
179,6,83,1375.35
279,4,25,2962.39
102,2,85,6373.31
30,8,35,9721.49
358,1,94,8449.98
475,9,42,13006.07
38,7,8,15257.78
243,3,10,19072.35
86,10,10,1430.9
487,10,83,15805.11
302,7,0,17480.26
269,7,20,17362.9
134,3,5,10153.93
183,10,6,4671.88
251,8,97,9564.69
52,8,73,19336.77
475,8,93,16431.14
75,5,30,17248.71
216,5,45,5030.81
150,12,46,4292.11
281,11,18,2244.09
98,11,46,14108.46
488,12,79,1122.57
156,8,68,4719.44
453,9,93,9188.56
364,3,88,10641.32
445,10,62,2886.79
71,6,38,8993.48
61,9,69,6212.36
412,4,28,4389.15
373,9,20,1079.84
233,1,93,14927.19
129,4,71,19595.46
117,12,82,18165.12
153,2,26,18020.66
143,2,95,7859.7
43,7,96,7259.62
75,4,91,12789.86
409,5,22,7035.96
360,3,43,14625.94
343,7,29,9746.72
292,3,37,12504.63
150,11,47,14578.75
110,8,47,13288.95
377,12,10,10603.73
290,9,65,1403.85
398,7,73,6026.26
6,12,41,4082.54
132,5,100,17202.26
68,9,40,4195.79
136,8,12,15779.46
118,11,18,11801.07
483,1,35,9386.38
293,11,28,5843.71
268,8,4,10009.79
132,11,23,12175.58
277,8,20,9239.91
54,7,34,3343.3
242,1,18,10967.1
488,3,0,6771.02
212,12,76,8059.64
403,1,97,6305.82
188,2,55,32.19
14,1,53,11350.82
242,2,44,18216.44
422,11,88,2865.94
464,1,27,18153.51
460,6,93,4791.07
99,6,45,17889.72
263,5,100,4560.01
381,4,38,8473.38
89,4,93,17351.23
471,10,98,1432.69
121,4,48,2193.17
484,4,23,5845.78
132,5,67,8468.55
434,7,54,19024.45
180,11,6,14845.85
218,6,65,9311.34
97,4,79,7466.67
41,7,84,2137.82
424,3,5,5913.24
254,12,15,19413.04
407,7,45,10514.78
362,10,34,8617.18
37,11,57,7219.72
431,12,24,4489.76
411,1,87,13726.87
224,6,72,2447.9
416,5,28,181.32
294,4,83,16744.33
180,2,69,4624.77
281,11,39,10712.81
152,8,17,15665.85
474,3,47,19500.74
232,9,98,17580.1
33,2,27,3494.33
134,2,3,19822.78
51,10,51,2346.82
28,3,10,6893.33
295,10,65,11158.16
420,5,50,75.73
201,12,54,13535.53
223,12,72,17987.18
470,6,27,12983.84
264,4,9,410.29
468,4,33,3647.25
491,8,17,5813.97
189,11,26,9057.28
54,12,82,2283.47
257,8,61,19157.83
142,6,45,17357.15
219,3,3,11002.52
241,2,49,10843.76
264,2,64,2034.34
164,5,75,3434.0
314,6,5,16759.9
393,8,43,6538.09
202,10,83,14808.18
266,12,79,9450.7
30,1,27,11743.12
188,4,73,2202.64
283,9,27,19303.43
97,3,90,968.9
49,11,88,10085.98
309,7,73,16046.44
474,1,21,571.83
312,5,42,10931.03
41,2,44,3477.26
467,2,75,17792.82
152,10,27,8233.27
280,1,99,12400.5
144,7,27,4363.18
339,2,7,16422.08
112,1,13,8276.94
218,5,81,6694.81
332,12,35,10076.35
426,7,88,7993.01
258,1,72,6410.69
147,8,54,15693.71
489,2,13,13802.83
141,12,62,17332.17
204,3,63,14996.65
279,1,73,7575.52
89,12,16,6754.79
205,12,35,2001.87
166,4,73,17008.2
500,11,32,10881.11
426,4,10,4153.54
102,7,84,6114.02
436,6,13,17464.27
18,1,0,8627.12
383,1,26,7906.06
453,11,6,10159.5
199,7,33,3114.85
229,10,56,12120.67
310,1,40,1212.77
392,9,73,17949.46
72,3,37,8393.7
191,12,39,1503.21
216,6,33,5785.59
461,2,88,3594.87
462,8,35,10212.53
183,6,3,15563.91
342,5,39,10420.96
365,5,11,18300.92
148,6,99,9418.23
304,7,63,2944.21
410,10,38,5890.87
492,2,56,12459.54
197,7,81,13735.84
465,5,71,10735.27
348,10,59,19620.73
426,12,84,996.23
245,2,73,12393.24
31,4,8,9839.43
28,8,97,3345.57
371,4,68,15558.72
91,10,57,10608.36
73,7,30,8647.02
291,5,88,9144.75
282,5,91,3352.74
439,7,75,16193.08
441,11,22,16166.48
244,5,41,8215.58
359,2,75,6176.41
286,4,59,7148.17
45,12,100,4730.06
131,11,64,17798.03
233,7,100,1127.68
89,12,87,1989.11
171,10,89,12873.17
289,4,2,19821.42
133,12,87,5445.42
265,5,63,19909.99
24,9,80,12100.18
11,8,64,13041.54
161,3,0,18349.67
226,3,64,11904.51
450,10,54,12239.22
192,6,63,12470.6
137,5,68,9373.13
423,2,8,556.81
158,9,72,8921.57
373,11,81,19623.73
201,9,21,2482.5
74,10,55,7536.46
54,1,96,11891.65
120,11,32,8833.2
118,9,79,2870.95
383,9,99,8931.32
343,5,19,1198.43
258,8,50,10660.67
169,10,28,8455.6
319,3,5,2746.45
153,5,68,12189.7
433,2,2,16951.46
79,6,8,7367.24
168,3,20,15327.48
382,5,66,216.23
66,6,40,726.14
472,11,40,10282.25
312,5,39,16091.09
92,2,30,530.57
362,10,5,7422.36
120,4,53,12747.84
149,2,62,8599.32
30,6,57,14631.22
73,12,95,4112.1
394,5,38,4322.76
261,12,55,2240.65
177,5,37,2997.21
423,6,32,14327.72
437,4,28,7126.95
386,5,46,10893.39
431,8,33,5392.8
384,8,70,5797.84
148,11,78,5375.61
487,8,5,14259.18
421,2,100,7276.83
60,4,60,7878.74
9,5,90,1448.04
463,4,21,14058.88
288,10,27,9119.77
119,9,15,17412.57
298,8,31,12095.4
42,11,30,13184.62
468,10,48,9789.77
462,1,20,18376.61
182,8,97,18574.78
86,7,43,18761.99
287,12,96,14685.54
34,6,0,1023.91
188,8,32,11019.02
234,9,42,3076.54
98,8,85,8963.63
371,2,42,19.63
107,5,14,14611.02
177,2,65,7526.79
176,7,4,2094.85
313,8,15,918.33
255,10,80,3923.75
70,12,87,6880.58
287,6,27,2639.4
360,9,41,8184.33
131,7,25,13513.91
489,1,89,5820.44
50,11,45,11769.69
240,4,31,4109.28
317,8,59,12648.57
122,4,21,14833.35
34,3,71,12506.73
196,4,60,4727.34
442,1,47,14563.0
9,4,65,19836.42
270,8,25,6210.49
381,5,11,11574.6
279,3,31,18890.73
80,10,68,19335.0
16,8,74,9670.62
112,9,7,15186.08
311,7,42,3938.22
284,7,80,19440.66
160,3,92,1999.75
435,12,83,9229.59
321,4,1,19161.57
476,5,47,1698.92
455,10,82,2921.74
288,9,28,19803.54
241,5,33,4242.25
221,9,50,19712.82
91,3,4,17616.22
58,10,41,15922.35
279,4,71,4308.77
304,10,41,1802.2
327,6,41,16065.05
174,6,98,14227.12
35,11,79,501.53
63,2,34,2975.79
195,5,41,7017.08
442,8,96,5869.23
480,5,33,2009.34
221,7,39,10499.81
227,5,76,10422.62
434,4,10,4832.85
181,11,33,8393.18
160,4,49,18050.51
83,10,75,6017.91
354,5,58,3805.43
149,10,68,5163.39
401,9,74,18998.65
416,11,29,3910.26
360,1,71,15148.39
495,5,67,19108.02
164,3,86,4857.43
499,1,23,11883.91
218,4,77,18197.68
89,6,98,11868.11
275,9,36,3011.37
256,9,58,4052.29
329,4,62,5075.96
177,11,36,9824.75
205,6,12,13721.84
499,2,69,18665.1
388,4,72,9081.8
487,2,22,3183.91
187,3,93,16652.79
2,12,69,15489.45
95,12,10,14482.39
117,12,57,4502.99
52,9,64,4597.06
15,9,73,7533.2
186,12,60,14145.29
118,12,86,13189.98
371,12,3,15238.36
417,3,42,13959.74
101,6,50,15894.09
195,1,46,15547.17
492,5,3,6950.17
387,10,4,4417.39
421,1,12,5177.02
176,8,37,5401.65
491,12,33,17277.13
63,11,18,8740.68
92,12,14,15438.39
279,7,82,14891.39
445,10,20,13999.15
178,10,23,3708.61
369,8,59,15747.54
124,8,44,1053.59
84,10,10,5002.71
32,10,54,19129.07
452,9,50,9959.2
61,10,38,17040.04
313,3,87,8344.86
408,5,13,14999.74
272,6,37,10358.54
282,8,73,15266.04
264,7,79,6790.69
371,9,29,9031.72
186,9,1,17818.68
200,9,78,15382.61
179,9,64,14192.32
95,12,91,3344.04
15,3,1,17557.06
130,5,71,8445.16
396,9,24,58.91
297,8,41,5009.04
109,7,68,13514.91
384,2,84,11266.75
173,10,43,697.9
154,3,83,9496.3
263,11,88,14774.1
449,12,49,10145.86
67,1,100,13759.51
353,8,100,9972.09
357,4,57,16013.71
195,9,52,10033.07
180,10,49,4053.23
215,2,61,2993.08
436,4,51,5555.42
491,4,32,5742.77
481,3,95,19407.85
58,6,53,9799.78
244,1,2,6658.0
149,4,80,16566.09
135,11,92,19858.71
471,1,74,7954.49
454,11,41,5617.63
461,1,17,10441.52
250,8,33,19.84
251,9,50,19115.92
300,10,86,12510.1
187,8,45,7771.32
233,6,31,160.09
183,12,29,12522.66
15,12,97,4076.96
69,12,60,16329.51
70,9,40,16558.82
409,6,58,15887.64
88,4,57,16425.6
369,12,73,14326.99
269,9,94,16053.61
283,8,53,19340.39
113,11,4,19627.34
151,11,48,16653.38
152,11,71,8628.07
426,8,31,9119.11
85,4,82,2327.96
411,3,62,8723.39
427,11,6,14509.52
396,7,63,12163.42
218,11,63,8075.62
334,8,43,4745.58
299,7,41,5879.79
409,4,79,10625.45
107,10,35,11656.62
146,11,66,6813.65
116,6,59,11195.58
476,11,25,15306.42
455,3,46,9243.65
198,7,75,14976.22
136,10,4,17561.54
441,1,13,1471.45
124,3,30,4198.75
152,6,90,325.37
93,9,94,10356.56
177,7,64,196.48
176,2,72,12353.25
353,12,64,16213.15
200,5,24,15813.52
224,12,64,5100.12
119,10,94,14123.88
441,11,6,5584.34
214,8,77,7932.63
308,9,79,18102.4
251,9,78,8490.84
500,4,1,3995.07
379,5,19,9460.01
67,11,9,10677.85
199,1,38,15987.12
212,12,53,3324.0
417,8,96,16982.18
151,4,7,1048.42
294,1,49,4500.22
174,3,85,1096.87
319,8,41,17235.66
171,6,67,12979.7
166,6,92,11087.14
413,11,97,9695.85
180,5,85,19669.37
268,3,34,5815.2
331,9,33,2678.36
409,3,38,10198.65
5,6,24,15755.97
399,2,34,15319.8
484,9,79,15783.7
99,11,69,16067.85
499,7,0,19968.77
298,8,90,8553.34
441,3,54,19828.29
252,8,52,16163.33
281,10,78,13399.08
412,1,42,19744.25
466,6,97,3587.95
12,1,20,15015.86
29,10,52,11892.25
54,5,84,18516.27
382,10,93,182.1
198,3,94,5203.81
159,6,14,11387.36
392,7,92,13194.77
444,2,81,19760.63
103,5,49,11493.85
294,8,91,14770.69
428,10,58,199.78
349,2,40,4556.81
400,10,76,3605.68
251,8,63,1239.51
302,5,89,16148.47
472,1,28,3942.01
172,8,72,13835.85
378,9,44,7532.33
294,9,29,13378.39
413,5,35,15755.06
167,4,10,11702.72
238,4,75,10082.07
447,9,2,406.9
410,2,94,15160.0
457,12,39,51.24
341,5,43,19205.86
27,11,6,5212.34
387,6,60,7727.33
180,3,18,0.34
150,10,86,7953.75
402,4,7,9933.06
127,8,83,8241.86
401,10,87,4558.19
433,12,27,16892.62
427,6,77,837.53
408,6,59,14488.3
19,1,96,4198.33
266,2,54,10879.16
401,12,61,19031.31
491,2,86,18223.14
11,12,76,8034.49
96,2,82,12061.84
211,1,54,11509.32
30,10,51,17469.82
422,2,97,915.48
5,3,88,2242.29
252,12,40,17126.09
463,12,50,2120.6
8,8,40,693.49
200,2,61,16460.33
300,8,72,3463.22
459,7,99,11773.67
59,8,29,9553.94
56,12,86,5810.92
494,3,40,11819.93
278,3,31,14263.29
212,1,23,8280.8
26,2,4,9802.33
13,3,65,18245.77
371,10,52,6497.13
300,4,7,13142.65
467,7,69,8958.64
494,6,73,18424.56
490,7,2,15872.98
323,12,69,4393.99
175,2,17,4097.31
52,7,42,19176.84
71,8,14,4079.36
335,8,16,15752.9
183,8,32,7292.67
232,4,30,9976.86
24,6,98,10824.41
189,11,53,17354.57
335,5,11,1321.66
260,1,93,12717.03
218,8,89,10076.78
64,1,11,7293.35
252,2,30,13248.36
174,4,45,11681.82
297,5,79,10158.47
449,10,25,9126.51
233,1,81,8525.85
343,2,5,10558.92
277,11,68,12684.7
343,6,52,15506.9
138,6,11,2272.1
315,9,5,17798.17
18,11,8,325.68
373,4,92,14307.5
132,1,78,4618.19
376,7,42,63.24
156,9,18,7648.86
361,5,69,13833.37
413,8,62,16601.9
60,6,57,14072.33
275,6,61,14908.01
343,11,14,8344.14
181,12,80,7345.19
396,1,39,9374.99
418,2,97,11596.18
21,10,47,10104.85
376,6,0,18119.2
203,6,79,8434.72
110,5,69,5987.85
331,12,3,13827.44
453,11,25,16696.0
403,9,68,15557.87
425,2,45,14711.18
23,12,20,16570.15
340,7,94,5851.54
14,5,83,13270.32
204,1,24,18770.06
127,9,30,11401.48
80,10,81,17483.69
153,5,37,10539.62
224,2,19,5831.12
354,1,5,12078.44
384,7,37,9871.06
216,4,11,19542.07
194,6,51,2197.39
161,10,35,10858.2
441,3,18,2195.1
361,1,96,4954.49
90,10,71,4006.12
82,7,45,8301.0
223,7,54,19651.95
340,3,91,6151.65
143,9,95,3262.46
261,12,71,19812.04
166,10,9,12507.38
248,1,40,19821.82
155,12,26,486.78
223,12,100,12865.44
337,12,27,7985.84
362,5,88,14048.03
448,3,13,5063.29
17,2,33,17084.03
159,11,90,19062.82
202,9,7,8269.89
392,7,56,12702.85
149,4,25,7930.6
231,10,70,5854.75
293,2,23,17835.16
321,5,35,17756.33
356,4,65,18947.32
241,1,21,12898.5
139,7,70,7899.99
163,10,39,14369.27
428,8,52,13830.44
306,9,92,2716.43
53,11,2,14532.43
457,3,6,18340.81
452,5,70,19567.54
103,1,79,13506.57
357,11,84,15106.3
63,1,28,13597.0
29,6,79,6656.04
243,5,98,2736.07
490,7,97,17981.4
306,11,37,11308.85
419,1,62,2574.17
248,3,51,6914.23
289,8,7,818.6
212,12,86,7660.56
313,4,48,15064.39
232,8,61,8025.37
336,6,24,15190.29
427,9,12,16794.18
473,12,72,2728.55
321,4,31,11466.97
127,3,40,8094.6
414,3,14,7874.26
483,4,89,1403.32
72,3,67,16956.24
313,5,9,10019.03
189,10,71,6055.72
472,6,31,10489.39
151,9,92,10025.96
320,6,69,15847.1
411,5,9,6212.96
250,7,2,581.1
300,10,5,2889.02
395,7,2,2725.09
335,12,76,4768.18
280,1,25,3185.06
144,4,75,13002.03
33,10,59,2009.16
427,11,41,13362.06
283,9,0,16111.41
335,7,38,14451.9
329,10,58,13635.9
253,5,2,4518.44
93,4,0,7522.86
361,4,71,6678.68
314,11,76,17179.21
9,3,40,11007.97
319,6,73,7693.29
450,7,99,3503.17
242,2,45,9374.84
154,7,22,988.56
466,7,39,6648.23
324,5,32,5338.62
3,4,55,9154.62
55,1,59,11070.89
76,10,80,7634.51
347,9,69,3704.45
402,2,21,18921.42
227,10,62,16912.77
323,1,59,16067.53
32,5,27,1639.48
105,11,48,14698.11
318,6,30,9649.67
336,6,4,9146.59
240,8,7,891.04
70,2,7,5549.26
394,8,24,8089.16
495,9,19,777.51
254,11,98,3971.61
11,9,73,1855.82
3,8,15,3502.32
256,6,85,3617.11
261,1,40,4016.25
496,7,67,14261.03
198,5,71,10456.11
102,8,18,18039.2
197,5,90,2895.01
24,7,69,18546.31
465,2,3,6287.11
179,3,44,2066.88
338,1,66,15236.05
477,12,28,18544.24
136,7,13,5154.06
84,1,22,2420.66
300,5,49,9549.71
242,10,47,4564.6
66,5,96,7157.8
165,12,24,9237.53
110,3,23,9684.74
343,5,73,5947.91
497,5,38,5468.21
89,1,79,2547.34
232,12,25,7267.73
407,5,24,18800.99
476,5,27,4260.11
483,10,38,7493.38
136,11,62,11408.22
268,8,29,13086.38
252,6,19,7955.72
76,11,2,4362.5
256,8,24,18099.71
394,11,59,8903.97
442,6,53,10384.29
440,9,90,12636.51
477,2,35,10095.55
404,5,48,4741.31
452,5,18,17358.07
206,6,80,7452.5
13,9,91,12797.26
10,7,52,17094.58
63,9,32,19929.68
306,10,49,5542.97
205,9,5,15756.7
480,4,40,11863.05
270,4,83,8121.55
74,10,46,16718.1
150,4,30,5134.76
310,7,33,18089.97
360,7,21,18173.32
281,11,88,18354.02
255,6,81,13165.16
281,1,62,6807.54
483,2,36,19526.62
220,4,12,7083.61
104,1,35,13684.28
63,11,81,18729.71
64,2,45,8211.48
230,3,97,12328.19
364,5,64,1139.65
334,3,52,8361.35
243,3,51,16411.69
468,11,77,3994.49
139,5,54,4634.92
369,8,28,19616.21
148,9,42,10894.63
392,1,33,14195.94
38,4,90,2281.69
399,5,59,12459.31
115,3,7,7345.14
85,11,44,18886.97
326,1,100,12711.33
35,6,56,9000.91
355,2,16,18885.96
369,11,7,2456.39
147,11,22,612.59
185,10,39,9306.25
115,10,8,9048.29
338,1,60,14277.87
414,12,89,18609.96
345,6,9,6959.29
111,12,70,10056.24
425,2,13,11985.76
292,7,96,2662.43
101,10,39,6466.43
468,4,50,4691.11
66,10,26,1685.03
172,9,17,3268.02
232,1,37,18238.38
131,10,58,11475.62
492,11,2,9117.56
390,11,88,295.07
333,7,67,9606.48
224,3,10,18715.26
76,3,80,16934.15
262,11,78,1458.6
241,12,100,5206.92
187,4,29,19164.34
339,12,25,9069.49
196,7,67,2038.94
80,8,65,5052.1
168,6,3,6895.85
258,9,97,16085.8
351,7,46,15941.73
153,10,65,5358.66
43,2,46,18410.25
21,5,95,17947.55
87,10,28,7128.15
300,12,86,9119.07
183,5,49,15774.42
193,5,54,8974.4
118,10,48,17057.24
143,3,60,3711.24
406,10,72,8610.26
456,2,99,13038.31
336,4,92,7669.41
142,10,60,5952.11
216,3,35,4344.05
65,8,19,14732.13
395,8,90,16392.0
191,12,75,811.46
70,9,70,2590.41
409,8,29,15094.39
154,12,51,18076.53
378,12,5,17150.81
227,4,83,14333.35
206,4,47,18915.54
327,4,54,15399.6
443,9,1,9805.78
46,6,46,1882.7
135,10,58,11545.54
363,3,39,5220.96
225,1,15,4512.8
90,5,88,5091.95
145,8,72,14633.55
414,11,65,12696.83
28,1,53,14208.87
421,11,11,1378.45
244,5,66,8321.42
285,11,67,6389.57
256,2,80,2930.32
311,12,65,11904.72
282,9,99,10995.65
142,12,32,9810.11
399,1,71,8772.1
65,5,76,2069.34
387,8,48,13582.13
448,1,86,8638.69
408,9,69,8084.28
110,6,75,6387.1
361,1,74,9837.03
128,9,2,11752.07
318,11,27,15254.52
251,6,83,19930.18
495,7,100,17913.31
115,12,54,1845.06
360,2,76,3329.37
434,9,58,6625.15
123,7,56,13600.44
488,4,32,10357.11
460,6,54,1342.93
18,7,4,3002.17
387,12,30,1193.71
238,3,26,16682.22
456,5,52,3506.07
285,2,89,6181.68
469,9,82,13821.48
388,5,80,5335.43
237,12,37,11820.61
41,3,20,14529.07
50,10,80,3011.79
466,4,26,19327.47
337,5,57,8591.05
392,10,93,12701.62
416,4,86,16045.15
269,1,30,917.54
283,5,31,17132.94
118,3,40,18445.13
131,9,29,2252.56
328,5,69,1078.67
397,8,49,1727.53
71,6,76,13167.01
334,7,43,12489.2
103,10,91,5680.45
59,6,84,16925.68
300,9,63,2422.21
261,10,96,4286.18
367,2,31,12610.68
476,6,56,8179.68
324,2,49,19143.85
146,10,53,9940.14
209,7,79,18171.85
13,2,48,3255.14
300,11,23,7166.24
219,6,60,1557.77
347,12,85,5203.61
167,11,68,9143.58
308,10,83,5085.55
80,3,93,17629.95
197,2,84,19554.7
448,7,59,17210.03
134,12,49,12508.01
121,8,88,724.19
497,11,68,10440.71
238,3,27,15874.74
12,3,16,54.24
39,8,58,18402.44
470,12,18,14457.45
43,8,54,15873.17
26,3,23,12389.99
172,1,24,1970.38
292,12,61,9806.72
291,9,55,793.68
58,11,3,15390.09
67,10,75,6258.3
282,8,2,2542.56
356,3,77,6953.76
348,6,27,1704.8
445,8,4,9240.69
298,10,55,9512.33
371,7,80,12426.14
477,6,88,6117.45
355,8,2,8171.54
114,4,78,14303.34
204,9,40,2263.94
36,11,45,1561.92
73,3,51,13996.3
198,3,50,18412.95
132,7,83,18973.31
494,11,94,12962.23
255,5,73,10176.15
394,3,4,18888.98
402,11,51,17103.44
140,11,95,8622.5
146,4,100,15439.46
152,9,64,18497.7
208,12,28,13487.92
445,12,5,9392.19
170,1,56,14264.57
300,1,97,12058.67
252,2,81,8968.84
54,9,23,7921.33
214,3,78,10696.43
232,7,32,4754.24
303,9,88,16709.37
152,8,85,19341.65
201,6,55,16259.03
58,9,24,15922.8
42,10,11,9568.12
30,8,61,8771.76
147,8,46,9175.34
383,3,70,16118.69
464,2,74,1602.01
448,5,20,19775.85
427,11,1,15899.95
395,7,29,2096.21
22,7,8,15554.77
36,1,93,5060.64
443,3,46,17131.05
417,6,34,5265.81
351,8,75,5698.18
415,4,100,8743.63
25,10,53,15165.14
231,2,69,16145.92
487,4,91,18999.03
174,12,98,19473.7
343,2,97,16638.4
205,10,88,1483.98
168,5,76,10335.75
302,9,32,19974.62
430,6,25,3858.74
412,4,1,12874.6
2,5,13,16421.7
74,11,39,13984.4
498,2,42,19752.33
51,12,58,10400.62
476,2,38,1938.93
331,2,46,12883.7
288,1,17,11156.78
261,6,72,7493.81
44,7,52,2395.0
351,7,17,7970.96
44,7,54,9462.43
242,6,68,11623.92
90,5,85,13270.38
150,7,76,7303.18
258,9,9,8892.94
214,5,61,16737.68
204,10,71,5664.61
220,11,49,17875.49
361,2,49,9547.67
30,10,99,17265.31
48,9,100,11925.46
115,2,21,15887.76
477,7,29,7266.99
83,6,79,17794.34
172,5,85,14725.88
196,11,9,2504.22
189,11,77,12635.61
325,1,95,270.29
383,11,49,15661.21
137,10,14,13186.29
440,4,3,11362.41
58,12,47,15366.33
215,5,18,13468.03
407,4,53,4461.73
305,10,87,15323.66
85,9,43,18069.15
307,9,15,3331.01
20,3,22,7896.33
410,7,61,11579.23
131,7,68,3441.16
459,1,13,4024.13
486,4,42,14348.24
500,2,33,16038.43
455,5,25,7990.73
31,4,31,12535.61
98,5,17,17139.24
192,4,2,13433.63
179,9,9,717.21
205,9,66,10070.02
158,1,7,11743.92
384,11,98,9356.65
435,10,18,1494.7
161,1,4,7065.55
353,5,52,15959.87
202,11,4,1158.1
232,5,99,7090.36
207,3,11,12715.1
172,6,88,2011.01
457,9,29,17500.26
277,8,79,15965.34
150,12,30,6118.81
485,9,47,7735.75
84,7,79,5337.96
74,4,21,11930.89
363,3,68,19750.07
259,10,24,12832.81
167,4,84,16242.14
177,6,3,10657.78
408,8,93,12955.93
126,7,68,7975.25
376,5,27,5937.37
494,2,31,4508.87
413,8,82,6414.71
36,12,12,8432.57
262,8,72,988.88
86,3,54,17184.75
336,9,85,12224.1
413,11,79,2275.05
348,5,81,18744.61
6,8,8,14497.76
426,10,4,8889.19
342,7,9,9241.45
314,10,99,7820.13
140,10,78,7500.53
285,1,93,9305.32
393,10,94,16537.0
263,3,32,6960.53
110,9,76,1856.11
493,3,2,4876.04
431,1,23,14430.09
53,4,100,15296.89
248,11,83,13010.07
28,11,45,7167.23
443,3,47,6004.61
116,11,34,6302.33
277,12,76,13164.8
136,4,4,17244.68
423,1,15,14713.81
262,1,71,3015.27
409,12,34,18463.55
52,9,20,1123.28
497,2,35,19940.57
201,12,49,5459.11
331,12,86,9964.88
96,10,33,1014.65
426,8,26,13358.92
5,3,99,15844.35
216,6,16,6303.98
103,7,6,2764.47
428,5,7,11495.01
356,12,33,15779.05
248,4,96,12123.09
256,10,74,9120.28
258,12,69,14244.46
217,6,24,8611.32
417,5,67,8788.67
492,4,39,13690.24
307,4,100,15541.72
457,8,7,3744.3
102,4,12,7196.75
301,12,75,1621.21
418,2,52,13836.53
14,8,16,3172.92
97,11,96,10804.68
113,9,49,7961.01
10,12,35,16788.34
284,12,99,17323.22
302,4,81,11566.11
375,5,15,16816.37
362,9,35,6676.34
195,7,72,9213.2
485,5,90,13253.32
434,4,13,12382.27
400,5,37,6793.86
116,8,83,4159.78
309,8,63,4511.44
76,9,4,6525.69
483,8,33,16657.59
410,7,43,15209.68
324,5,29,11778.83
20,2,32,13554.42
412,10,0,15069.06
391,7,65,14158.07
14,6,44,195.67
347,4,37,5810.98
322,10,38,18679.49
377,10,39,15140.48
49,10,83,13779.85
300,6,90,7593.36
194,5,64,925.91
79,9,2,12631.26
58,6,31,12101.06
181,6,66,156.49
470,5,2,1339.74
297,12,7,9676.12
64,1,4,7468.68
108,10,13,10398.38
229,7,92,13069.02
422,6,93,1568.67
77,3,80,7142.98
297,9,4,14188.9
498,10,34,19459.15
149,5,50,19534.2
93,4,42,7730.11
201,1,6,10570.52
131,1,22,4341.31
327,12,77,11826.73
354,9,72,836.37
253,10,59,15476.52
191,9,71,6321.75
70,10,36,12941.15
173,6,57,3816.67
209,5,84,17280.16
159,12,77,15330.66
479,8,53,2810.35
21,7,42,6366.81
53,8,89,5560.99
26,2,59,12850.53
479,3,92,17920.37
23,2,82,2575.33
418,2,91,6659.43
368,6,92,1223.93
69,9,40,17056.81
315,1,12,4934.67
298,3,46,11599.96
268,7,54,8097.49
171,8,94,9599.93
129,5,98,7209.03
309,4,35,8552.09
183,11,72,9616.84
163,1,41,3812.64
264,7,31,1787.17
442,10,40,14657.85
348,10,77,13835.36
334,11,26,9334.31
217,11,79,1059.57
76,10,92,9029.54
488,4,79,4604.02
397,4,87,19523.93
395,5,32,2444.41
277,1,54,15376.99
279,11,25,17656.66
75,6,13,5761.02
67,12,2,5021.91
147,10,93,17172.04
29,7,87,16844.58
237,6,46,15314.96
55,4,71,88.11
415,12,13,11232.44
143,5,61,4970.37
483,6,57,18345.68
33,10,29,14111.79
320,10,39,17485.93
121,11,78,13928.31
484,6,29,15438.26
86,6,65,16824.41
125,6,75,19886.07
437,6,95,13999.65
379,2,45,9242.88
209,2,56,5133.85
424,11,57,12481.59
149,5,79,7778.55
275,8,90,17845.36
394,1,98,1621.31
218,5,63,13809.7
411,11,20,13079.04
87,5,22,18418.4
197,4,70,8770.23
74,6,79,14440.01
369,6,96,2128.46
404,2,10,10087.41
73,9,85,4194.42
223,8,66,19476.4
14,7,84,9201.57
132,4,78,12134.4
4,11,12,4984.8
262,1,27,16085.88
407,11,95,2033.47
188,2,23,3961.51
408,8,61,19132.24
149,10,48,18666.92
69,4,40,13136.62
80,10,40,19084.72
332,1,89,2970.18
256,4,82,4462.29
176,3,27,6357.93
103,6,51,4857.57
89,1,94,6225.07
452,1,28,7904.35
346,12,62,1747.33
321,4,82,3797.07
275,3,22,498.21
48,11,48,2436.71
111,11,74,18034.16
181,5,55,14964.82
132,1,99,2378.27
92,1,1,19161.82
139,2,16,11079.61
207,9,12,1218.11
416,4,61,3907.09
414,6,66,1865.69
222,1,34,2803.43
78,1,52,10402.14
172,12,72,17075.0
356,1,54,15184.1
368,8,68,11984.9
418,8,77,2495.74
43,11,27,431.37
308,9,10,9331.17
375,7,37,6451.71
327,8,73,6852.21
135,9,7,15766.97
224,4,33,9705.01
296,7,45,18848.32
263,8,86,9874.05
205,5,95,18418.57
150,8,38,6309.04
343,3,3,8573.82
372,11,43,15803.79
49,5,95,447.6
360,3,45,11948.13
89,7,70,13439.36
80,12,19,9880.03
19,10,83,13599.92
1,9,29,6562.84
409,11,42,8737.43
372,2,33,1156.06
410,2,47,6977.3
324,11,21,15215.71
68,9,10,16966.16
55,12,39,15524.2
310,8,100,2878.54
274,11,15,16953.11
160,8,17,539.29
80,3,71,16826.52
134,2,83,8248.44
200,9,9,19413.99
313,10,51,19516.01
382,11,25,18555.66
31,12,86,8962.07
173,9,75,16888.72
349,1,33,1942.92
212,7,100,724.43
175,8,96,7838.69
317,8,92,8863.33
191,4,66,19830.28
329,2,56,19340.88
461,9,87,9661.06
252,11,51,17601.73
33,3,94,18949.26
497,9,9,3485.9
187,6,96,12771.07
400,12,36,12343.0
229,12,55,11474.43
336,4,11,10696.44
46,7,50,12838.01
110,3,73,15904.66
486,4,47,3258.97
233,9,36,12162.67
26,3,20,14033.09
371,1,29,18187.59
405,3,81,10718.23
291,9,96,11200.74
20,4,1,13400.51
127,5,91,221.82
55,6,63,15402.89
64,8,7,16240.26
447,5,78,13705.17
228,9,25,17388.16
312,12,38,11838.03
324,7,76,477.2
356,11,73,3118.83
422,7,28,7231.83
338,12,55,7086.38
324,2,2,5220.47
4,3,0,8542.21
96,7,54,9456.48
228,11,38,19514.48
401,4,15,16242.79
19,11,25,17931.36
127,3,73,10316.49
224,8,7,19301.28
337,9,53,13094.71
16,9,61,8579.3
32,10,4,11325.84
482,3,29,19142.23
33,11,78,5237.54
372,9,94,9738.99
484,10,19,2606.29
323,11,48,12691.48
228,2,17,19011.23
352,3,45,8683.69
481,3,93,16709.35
477,2,72,16492.66
237,7,16,6904.45
2,10,22,2869.25
412,11,41,19641.65
56,9,35,9971.53
332,4,80,864.04
446,3,3,2012.96
226,1,63,17643.39
263,8,34,10533.58
27,3,19,10781.33
153,1,83,13040.15
208,10,79,11366.91
332,3,2,19573.97
188,11,55,9505.61
203,2,9,19660.78
383,10,3,765.25
5,11,64,19518.0
292,10,19,8952.49
183,5,7,6701.75
292,7,88,8232.01
458,7,2,8228.32
310,11,68,9099.26
34,11,64,5014.0
129,2,73,12510.42
467,6,69,5820.89
478,12,83,17335.91
131,10,40,5905.14
72,8,74,6524.62
352,1,24,16404.56
212,6,73,7207.93
89,11,22,9896.56
64,3,1,16578.45
430,11,68,4446.37
219,2,96,2845.7
455,5,45,16844.86
373,5,60,10201.73
17,12,82,8734.9
446,7,51,2299.11
312,2,5,11636.49
447,1,88,1332.46
499,12,0,346.84
53,8,13,8029.21
394,4,76,18495.26
301,12,55,19624.75
119,12,52,15023.62
323,6,84,17472.51
203,9,26,17871.7
133,11,62,3408.27
161,1,14,8092.8
423,11,26,4648.02
326,12,11,13592.55
483,12,24,10650.01
340,7,72,11707.35
91,8,48,13124.2
287,7,82,11031.09
232,10,86,9407.55
32,9,38,13794.35
122,6,42,19910.58
460,2,59,11950.94
34,7,68,9941.54
5,5,16,15879.83
430,10,43,13935.04
407,2,31,17544.09
71,2,16,5537.0
280,5,22,1145.45
262,6,73,14617.39
360,7,97,12269.0
332,2,90,12440.03
262,2,58,11969.94
10,6,64,19332.66
125,6,7,12915.66
272,6,40,12422.65
456,1,2,13295.24
399,11,55,17631.11
471,7,23,13807.11
1,6,95,7594.42
105,10,72,12340.61
261,8,72,6659.59
119,8,13,16710.94
425,3,85,12608.4
171,11,97,17374.84
223,10,36,19186.6
181,1,70,16206.56
407,4,100,16769.45
307,6,96,8564.51
408,12,14,9355.17
328,2,33,19719.68
399,7,67,12224.74
107,2,45,8781.02
431,8,50,12480.88
500,8,23,6922.33
15,2,11,3869.38
237,8,23,7677.21
360,2,62,6750.95
133,5,99,13484.37
246,1,85,12186.97
58,10,38,6472.19
408,12,89,15719.58
321,2,26,7472.39
206,5,100,13596.65
374,10,3,16107.29
81,8,7,1797.25
316,6,33,4377.73
331,6,4,19998.15
65,2,35,15880.16
13,10,15,449.69
285,7,65,2744.44
308,1,89,14376.71
253,12,63,5478.78
273,11,85,3087.33
10,8,99,4140.81
423,12,78,15850.27
141,9,96,534.5
367,10,55,14817.88
218,2,79,7943.22
52,3,79,8345.22
431,6,93,12502.09
278,11,5,7308.56
412,9,73,6684.84
83,2,66,14361.14
427,4,95,8725.13
171,7,39,8075.72
408,9,36,11642.03
239,1,50,16744.48
97,12,97,9698.93
211,5,52,12175.25
483,10,67,15225.45
346,9,82,16236.14
497,10,76,11301.26
301,2,50,10338.59
52,11,25,545.09
425,12,68,12311.55
78,5,94,13310.9
181,4,9,12676.9
467,11,3,6414.26
282,10,57,5664.93
360,4,18,15166.91
288,6,23,11320.25
398,6,35,14281.11
82,8,76,1044.07
8,11,48,17057.15
23,7,41,17398.46
379,10,49,8956.85
370,5,82,10665.69
83,4,91,11370.55
147,5,43,11126.58
111,6,89,13290.48
176,7,73,9553.88
183,12,44,14141.68
371,8,55,1532.63
13,5,76,4275.37
305,3,10,8219.46
381,4,64,4307.67
452,10,39,3823.91
48,3,79,2334.11
462,8,42,17678.06
496,9,69,8008.02
7,11,7,3477.79
145,4,93,10380.35
128,7,35,17687.54
139,5,52,15117.28
339,1,40,16986.42
156,5,55,16658.7
16,9,64,19887.34
480,8,41,3916.29
260,11,15,9417.5
453,9,19,13354.46
29,8,36,6536.06
447,9,58,14196.19
171,5,73,7488.07
30,8,44,6274.19
168,12,29,18164.33
360,2,89,12679.82
188,12,40,8344.4
261,11,83,17703.42
413,5,52,4641.42
125,7,59,18598.68
69,1,83,6230.4
86,10,65,1890.32
374,1,85,16456.03
92,9,76,11770.54
269,2,60,14726.86
8,7,8,7215.34
61,12,16,2741.83
218,12,13,6929.18
437,4,98,5697.33
442,8,79,19533.28
499,4,5,15391.76
269,2,13,11397.77
233,7,53,17218.87
259,11,74,2017.46
303,1,91,7708.27
397,11,93,1262.83
313,2,86,13543.91
105,1,52,5227.52
243,7,12,18120.16
65,12,71,5978.51
333,2,58,7641.83
369,3,91,6385.12
212,4,95,16768.95
142,2,33,16278.64
420,10,60,11123.75
298,9,54,11191.12
212,10,10,4901.3
487,7,82,17818.81
26,5,33,10917.58
124,1,39,7935.74
319,2,56,16417.34
306,1,92,19671.96
20,1,57,14440.98
358,3,58,14105.35
211,1,67,13619.02
349,1,21,3553.12
398,12,33,5038.02
298,7,11,2401.31
219,10,28,5449.06
430,1,95,4479.29
179,12,54,6194.67
266,7,36,17318.62
178,8,34,16097.23
41,5,32,9215.48
394,7,44,816.09
219,8,98,15529.9
243,10,82,6785.33
441,5,60,6084.82
44,3,47,3957.62
7,2,13,19060.21
76,8,29,3672.77
233,10,42,6456.85
133,6,56,10380.72
45,10,82,10322.58
228,5,66,3471.42
149,3,52,2204.97
47,11,79,5489.13
425,7,28,15585.54
411,5,10,8531.15
8,7,44,6401.04
459,8,27,10294.16
377,8,17,8390.5
457,1,27,18889.94
47,4,43,13856.69
447,12,2,11001.62
76,7,82,5701.13
184,3,63,1579.7
356,6,45,9799.03
77,7,38,18842.48
96,8,36,8030.67
244,8,31,14939.87
59,3,46,6516.46
239,7,28,6115.86
211,5,65,9170.01
205,3,31,1567.83
266,10,30,732.63
78,9,50,18122.95
46,3,35,10540.88
301,3,37,16584.33
435,10,96,18378.76
370,11,44,19217.39
28,3,6,8290.0
109,2,11,788.43
439,2,64,5717.84
312,11,20,5749.45
402,5,68,3177.91
293,9,63,12385.44
134,3,37,12724.46
127,9,91,8787.49
97,10,49,15563.12
276,9,2,1348.34
493,12,12,12054.01
314,11,78,5460.59
341,3,62,10911.08
175,8,86,19562.55
137,8,74,15164.63
7,6,47,19561.65
74,11,50,9773.09
201,10,27,17694.26
89,5,12,8164.83
213,12,78,12198.8
307,4,25,10693.75
359,6,14,11690.6
61,5,37,12928.85
415,5,70,12947.04
105,5,86,11278.88
320,1,89,19691.01
172,11,47,357.46
235,1,87,15863.56
146,8,29,19167.05
272,5,60,8031.15
484,1,74,9255.73
393,1,44,1218.13
352,10,19,837.42
460,9,64,18832.5
400,7,77,7274.72
228,4,53,13296.09
28,7,77,6435.31
265,5,24,9037.52
91,10,83,13503.22
62,4,12,9159.08
109,11,56,5069.48
174,11,93,4274.68
111,2,76,19575.86
365,3,63,17615.42
386,7,18,687.37
148,3,13,17774.82
443,6,26,19150.82
36,7,19,17704.92
342,7,63,3303.8
164,3,58,2738.21
311,2,38,1601.4
463,6,6,11244.23
192,5,49,12123.37
181,6,66,9780.4
352,7,83,11613.86
230,6,45,18942.97
397,1,70,17020.45
472,7,9,7194.38
94,8,79,2121.13
31,6,78,8123.71
39,8,52,17581.84
167,3,18,1385.4
285,2,76,13456.29
416,10,9,16208.67
138,8,78,7491.51
237,8,92,2655.04
186,8,62,8915.68
141,6,7,4351.16
107,9,82,3954.94
20,12,89,5142.74
420,9,36,8832.07
179,1,31,8305.09
25,10,90,855.01
436,1,49,19610.6
31,4,80,13356.93
392,3,49,1162.31
386,10,12,11009.08
220,11,12,12375.32
94,9,0,9126.69
384,4,68,10491.91
386,1,82,2495.68
93,2,32,11435.06
153,3,87,631.32
308,6,28,2482.17
270,3,28,19601.69
307,10,62,12505.81
108,3,86,10436.42
88,6,24,12470.57
130,9,99,7723.96
209,7,8,9446.38
284,6,73,12655.39
108,11,1,2969.67
20,3,69,17982.12
339,9,28,18661.37
115,6,4,15394.16
157,8,52,11892.23
126,12,41,11879.39
76,1,68,2097.22
116,4,36,16303.54
456,5,8,13728.92
315,9,62,10633.13
407,1,15,12736.09
2,7,79,4762.16
18,2,56,8746.64
121,4,85,18819.18
433,2,45,7096.85
274,5,48,2949.49
102,3,67,7264.2
319,7,58,8329.79
251,11,71,3979.9
385,7,17,12763.81
346,2,72,19004.8
221,10,69,1069.44
241,11,8,7599.07
179,5,62,15430.95
44,6,68,6073.5
377,3,47,13927.76
124,2,95,2738.62
357,6,92,8567.63
437,11,76,9348.88
170,8,84,19712.47
120,12,63,3394.88
34,12,63,8845.48
214,6,3,7619.33
303,10,91,15708.18
254,8,80,19071.8
338,8,60,11831.36
172,4,81,6128.86
380,6,58,3752.28
245,9,70,19240.9
395,10,86,15261.79
194,2,81,8931.54
443,4,68,766.78
85,12,30,5989.62
87,5,8,2747.08
404,2,28,17839.07
430,7,34,13952.6
489,2,0,16494.85
244,2,88,7016.34
459,2,96,2571.33
489,11,33,16741.91
466,4,95,17726.33
194,4,71,17488.26
128,4,71,2787.56
382,11,35,8072.54
317,3,59,2921.8
390,2,39,5358.4
393,7,35,13015.68
469,5,94,17027.7
414,4,25,17745.55
109,12,99,12796.2
472,2,46,661.8
182,10,91,8008.04
349,5,27,18898.49
444,5,50,2677.57
374,6,9,11819.61
107,1,79,8897.05
327,12,51,11543.39
321,8,91,12580.59
441,9,97,7476.82
113,5,75,14973.52
163,12,62,14151.06
39,4,34,1813.59
394,6,9,822.49
316,4,41,16767.02
120,7,97,11698.43
317,10,96,4107.69
308,6,30,4900.61
294,4,73,18624.51
373,12,35,8033.55
269,9,88,10742.74
283,2,37,6623.06
352,7,7,5318.19
266,11,97,3911.69
317,7,51,11465.86
160,1,39,2977.02
101,8,87,1958.88
98,2,100,1568.71
304,8,78,7979.28
48,9,89,12546.29
14,7,49,11729.81
17,12,68,18887.93
120,4,8,19304.32
235,12,80,2552.26
53,1,97,11166.64
440,2,27,13132.72
35,1,57,10089.15
198,6,10,7569.53
215,6,1,5266.58
126,6,73,2548.7
120,10,20,19381.01
424,8,96,9832.96
384,3,13,4497.34
278,11,45,4273.59
61,8,53,11768.44
201,9,93,15100.64
211,11,20,6748.91
334,12,96,9549.93
467,12,3,17333.06
234,3,14,15082.08
190,8,97,15312.18
35,9,3,5378.5
125,12,80,1863.92
280,1,3,12902.05
234,12,70,19281.06
451,12,4,4255.7
399,11,55,7032.86
79,3,93,5481.85
153,10,54,3789.86
259,5,64,14623.75
399,11,24,1799.38
118,12,49,12064.37
340,2,87,3217.14
78,6,0,10342.39
486,6,66,3074.45
197,2,20,17092.05
214,3,25,17180.15
146,8,55,2390.26
46,8,52,3499.94
396,6,22,12785.77
327,10,44,3264.59
11,5,85,6739.04
446,8,76,567.6
337,12,11,11608.32
264,3,72,2712.58
437,9,47,10695.03
387,4,9,7454.98
213,12,6,446.06
219,10,50,11867.56
359,5,20,19125.13
298,9,27,12553.12
178,3,6,1514.5
453,11,12,3086.83
283,8,63,11802.61
21,10,1,17455.9
338,1,73,552.83
186,8,72,4486.46
96,2,31,10602.71
419,11,35,1029.18
254,9,16,8707.97
260,10,27,10103.13
159,11,66,11994.04
253,9,8,6876.45
106,5,80,9436.37
391,10,84,15166.5
295,3,44,8626.35
80,10,85,9730.04
338,2,85,14767.41
197,4,79,6658.53
429,11,72,11317.03
347,3,58,11942.03
293,5,32,15702.83
121,12,97,1392.18
168,4,54,10978.66
394,7,63,213.51
93,1,11,18805.68
377,4,68,841.12
196,7,63,269.47
466,4,63,17948.54
358,8,15,19385.36
415,11,28,12457.62
471,6,40,10125.22
302,5,49,18225.95
81,12,44,8679.77
223,12,42,9722.16
299,8,12,12359.73
356,3,25,17443.76
359,7,62,5491.6
368,10,35,12625.35
121,3,93,6226.36
404,10,28,12378.7
35,7,28,526.62
439,3,16,10659.31
283,3,11,13889.16
198,9,92,4957.89
326,12,43,17717.77
171,5,88,8899.58
442,7,38,18301.33
450,2,70,8620.65
338,11,29,4284.73
405,10,26,13333.32
311,4,22,7447.88
385,5,34,9670.7
42,7,94,4194.59
437,6,75,8872.38
442,3,91,16437.87
434,11,71,13373.88
96,10,37,1347.92
71,12,66,1386.73
215,12,57,2999.22
269,2,81,5049.91
325,2,37,5978.19
177,8,64,6937.23
7,5,3,6847.28
376,8,65,4559.35
137,8,77,1800.42
115,11,49,17875.96
65,1,79,15826.14
155,9,69,7007.21
143,4,28,16468.93
236,6,83,16710.89
219,6,52,6733.54
287,2,82,2798.38
83,4,66,3901.54
179,4,84,13985.3
49,1,63,9713.06
214,9,14,17283.1
361,1,79,12060.58
420,11,13,10225.53
259,4,55,12243.64
178,1,92,1691.29
452,2,76,15688.82
172,4,23,13058.24
216,11,36,5370.85
227,8,69,12698.06
188,6,20,18947.39
333,3,74,14897.51
402,11,2,19899.66
307,4,99,15051.74
275,4,59,2918.36
298,4,94,11888.19
30,7,58,3040.54
110,8,77,16677.81
186,8,11,11655.92
270,10,56,14981.7
329,4,42,8863.89
240,11,60,9223.43
138,9,99,659.4
428,1,43,880.92
53,1,79,11433.9
149,8,64,17364.32
3,1,46,2541.58
190,9,31,6361.37
373,6,22,12149.99
284,6,51,6470.05
116,12,1,16467.06
46,10,13,1482.87
454,2,1,12755.4
236,4,89,11371.27
410,1,77,18828.98
183,4,25,4591.91
311,12,50,14513.27
90,3,78,10857.12
403,9,19,13650.14
41,12,87,19951.81
207,5,53,5353.71
413,12,62,17658.18
89,8,83,19561.1
4,6,53,14528.22
286,9,9,7623.02
221,1,68,17481.83
353,8,62,7166.43
131,4,3,19746.96
329,6,7,19030.49
233,12,63,10773.01
469,7,78,18046.77
97,10,31,3928.67
172,2,18,18322.85
249,12,8,9471.79
63,8,95,10528.71
27,4,38,7919.3
411,11,64,16030.38
142,6,30,10113.7
233,10,14,14872.64
449,1,53,19667.93
47,5,68,15010.55
378,4,71,12777.01
198,4,51,235.05
441,9,100,18968.22
43,8,13,17996.05
467,12,30,13344.25
130,1,27,15340.56
225,2,68,6814.44
450,12,18,6906.29
241,9,25,10000.81
143,7,44,15444.61
309,5,22,14923.33
367,12,87,9517.56
102,5,70,6209.32
434,3,3,4778.67
78,7,89,18295.69
326,7,42,9734.49
325,3,54,12949.57
109,12,10,12222.24
19,8,39,6223.8
163,7,99,4441.42
17,12,81,17088.02
130,9,25,9734.49
45,9,8,12309.49
29,11,83,6138.74
277,4,43,17111.82
103,5,55,2648.43
109,11,5,6939.31
120,9,19,9554.1
175,9,50,1060.88
404,12,52,3599.13
438,1,98,4861.17
223,4,99,2886.53
136,10,53,1873.73
86,4,18,1280.25
125,2,88,7808.4
331,12,67,18912.29
73,7,65,7941.38
488,10,25,5345.68
54,9,27,8282.37
297,9,33,14747.54
291,7,70,5088.0
130,7,57,11429.93
153,5,95,12537.33
244,1,22,771.01
237,4,39,3327.62
310,7,87,3024.66
166,2,87,19475.01
15,9,65,12254.12
494,2,33,10840.81
46,6,64,5763.47
169,9,80,9428.61
318,7,7,7856.01
290,3,91,19776.58
437,1,23,14967.56
47,6,74,8552.32
53,7,68,5560.06
432,6,74,475.59
500,9,50,7979.23
166,3,51,8471.01
311,5,31,9232.35
417,10,67,11264.88
350,5,59,7509.43
69,6,58,10084.35
425,12,5,18649.14
25,4,97,16977.1
99,8,88,13119.65
136,1,68,10466.79
188,5,28,8596.82
108,9,89,16688.08
450,12,36,9251.8
461,6,23,4157.39
434,5,16,12768.17
179,8,60,11765.54
242,3,99,454.0
477,3,90,8874.32
319,10,90,18099.11
144,6,94,7716.47
166,7,4,13683.06
148,11,56,3930.25
73,10,4,12045.62
155,9,36,15109.11
248,10,12,6224.61
303,1,67,52.32
92,1,12,1348.99
213,4,42,1071.74
388,9,59,18917.77
464,6,90,15661.27
28,3,79,9284.13
88,6,46,176.3
12,10,69,18988.01
462,12,48,3613.94
293,11,23,14344.79
157,6,84,8891.42
216,1,10,5367.9
21,8,89,648.75
317,8,83,9004.38
353,8,64,13117.93
261,12,90,18742.98
16,11,24,12658.16
303,5,7,3127.28
89,7,35,11347.67
224,5,23,15973.22
7,8,55,1905.18
15,2,36,4025.2
111,3,56,5298.42
165,1,69,10520.31
388,12,18,1835.95
148,11,24,1954.16
272,6,95,18904.12
33,6,51,5850.45
374,12,75,13809.49
387,3,18,18029.07
427,2,65,5319.97
163,4,43,13972.9
7,9,47,2626.39
238,9,54,17837.42
46,11,39,10931.99
335,1,92,12542.11
359,9,39,17024.25
279,6,89,192.17
497,10,72,4135.85
288,2,2,9219.21
358,4,5,15526.88
154,5,42,14911.53
432,7,61,10995.28
251,8,99,11524.27
319,9,61,13868.28
228,10,83,531.02
452,5,94,12763.77
71,1,14,4353.49
213,1,88,5055.34
389,3,73,2487.32
315,6,2,17218.08
190,2,23,19926.43
217,7,15,14191.67
41,12,73,8147.09
418,3,32,11624.91
392,7,84,58.42
434,2,84,19326.09
68,7,63,2153.33
432,8,26,8381.85
248,12,6,16931.79
423,1,14,8368.32
92,3,100,3439.98
276,5,54,12638.77
93,4,49,7354.28
430,9,61,10113.74
323,5,86,1524.18
431,3,13,1717.53
469,5,19,14524.93
492,1,44,7613.56
233,2,60,7582.25
172,12,21,12647.59
384,6,91,5693.29
267,9,11,19337.45
432,5,67,9673.23
221,3,31,5385.26
353,2,10,6071.61
195,4,78,6696.26
487,2,3,4723.14
98,10,89,16090.1
27,7,77,16003.58
75,5,33,12962.12
361,5,72,5662.91
329,10,15,11746.13
199,8,9,4775.09
243,7,64,10556.11
322,5,14,15922.64
13,2,87,19468.31
7,10,20,8274.55
417,4,33,4038.06
158,2,1,16391.66
229,4,91,14835.52
498,12,64,9310.76
185,8,90,15462.27
60,1,88,6464.96
38,3,10,16242.89
188,8,53,18369.43
245,11,22,12340.96
489,8,74,6429.87
134,7,10,15738.05
272,5,44,7688.17
141,6,42,8261.21
160,8,16,19079.08
165,7,95,18166.91
105,12,40,14891.75
217,12,68,3179.57
405,1,30,2961.79
346,12,22,8464.48
284,3,28,3163.67
399,3,69,7941.33
330,4,63,9335.96
180,6,90,18682.11
127,6,65,3470.97
91,11,52,8163.21
27,7,43,8549.05
418,9,71,13017.98
106,4,5,9166.78
29,10,69,14004.49
89,6,100,5596.6
277,4,60,15751.88
410,8,35,13220.78
403,5,97,18058.19
257,5,42,937.97
68,7,100,3268.78
184,10,32,13034.77
127,9,100,7439.78
457,5,25,3829.23
363,7,32,12664.39
469,9,93,2850.26
499,2,11,15429.79
198,12,17,9426.54
399,11,98,8613.96
435,9,97,16528.71
454,3,51,9452.52
489,11,94,14506.39
244,2,41,10757.18
97,3,19,12262.93
146,1,35,13249.79
418,11,5,161.71
393,2,89,19698.7
129,7,46,2090.38
301,3,37,19624.1
419,4,54,17801.67
259,10,3,4372.25
140,10,78,16920.29
374,10,53,1066.85
51,9,45,18736.7
234,6,75,4903.69
370,9,69,17473.0
399,5,85,6606.58
327,11,39,12108.02
340,3,73,4325.8
330,7,63,11989.23
428,4,29,5873.45
371,9,22,1084.79
243,7,15,6365.68
211,3,8,3812.43
224,1,92,3156.33
259,6,30,15566.8
156,12,73,12627.18
352,8,70,2567.49
231,11,49,14259.4
68,5,70,14530.97
159,9,55,13613.81
63,5,85,14300.14
213,10,46,6267.63
277,3,31,8655.74
86,5,13,13404.35
146,11,16,15808.4
497,1,5,9453.7
383,3,100,11813.54
211,10,99,7151.7
276,6,7,10471.08
437,11,21,18665.79
204,1,90,5704.18
282,7,4,17374.99
157,4,24,2975.96
286,3,83,13580.46
462,6,47,19451.69
313,2,62,6694.5
303,9,40,6262.56
456,9,42,8927.33
145,3,9,11256.65
330,5,15,6730.06
343,4,23,17628.94
36,10,14,1845.82
403,8,64,11949.61
119,10,33,8891.52
423,10,97,18179.49
244,2,43,4123.67
204,1,73,3212.39
387,6,84,12178.64
44,8,78,5236.2
173,3,87,959.54
381,11,72,13021.95
405,12,54,11115.59
94,9,10,12212.58
4,1,71,19264.93
218,9,73,3078.28
246,10,87,11768.79
185,6,16,11911.18
439,3,10,10845.07
389,8,86,3012.76
197,6,4,12920.14
354,4,53,8547.09
34,2,51,11017.28
9,10,71,4153.82
414,8,96,17322.86
278,5,53,7653.22
148,6,9,7522.93
300,4,6,95.54
365,2,51,7936.93
320,9,50,1605.41
328,2,69,4250.45
151,7,52,15592.56
499,4,63,9228.45
112,12,62,18948.43
231,6,28,11505.16
277,12,47,16690.34
402,7,48,5165.7
147,5,8,4946.79
457,9,100,16785.95
340,9,10,7197.65
437,12,21,7455.65
78,1,18,12489.53
167,6,61,635.23
462,6,68,6068.34
220,11,10,5609.23
86,11,22,17686.98
265,7,12,513.65
435,4,60,2256.5
401,9,7,3772.52
400,12,78,4449.03
190,6,68,4820.86
32,10,15,315.6
66,8,30,3911.76
298,10,33,5749.37
374,11,57,7497.47
407,5,71,17036.09
309,3,30,13573.03
331,10,64,6277.83
360,5,63,4721.7
302,11,42,10030.34
405,1,49,9018.85
215,5,29,2038.79
15,6,17,11497.66
241,8,31,18857.91
336,2,84,629.92
410,4,100,17589.91
68,2,61,244.55
166,11,75,12088.53
117,1,40,11108.6
29,1,25,13704.55
166,5,4,12943.47
75,12,61,13514.73
336,8,12,3344.54
75,12,2,13162.14
130,11,32,19190.37
144,9,14,15883.32
342,2,10,5034.8
372,1,28,16418.95
171,6,94,10342.19
367,6,93,16072.39
322,9,74,1433.47
14,7,13,13422.86
110,11,78,17711.64
68,7,90,18845.65
183,2,32,1029.29
497,6,91,6956.73
179,11,77,12296.5
21,7,25,9718.79
166,9,26,15264.93
312,8,51,6033.19
188,11,13,12455.45
421,8,63,18404.64
128,8,73,18287.6
133,3,68,3252.51
162,8,87,7265.21
445,3,14,8604.12
238,5,59,8328.37
97,12,59,1866.11
246,7,34,6664.18
22,2,83,12746.72
360,1,78,10357.1
108,10,74,12099.57
448,7,75,18477.96
223,3,38,15951.6
381,9,76,4340.64
457,8,23,6572.56
300,3,47,10091.95
226,8,45,12374.5
308,10,99,11387.53
44,4,4,12101.95
182,4,64,9521.04
326,4,17,13514.93
197,6,50,18360.2
91,7,55,10369.82
397,11,63,11621.49
286,11,4,4846.88
387,6,95,16944.78
246,11,2,8467.3
42,3,22,14488.42
493,6,98,11776.4
314,8,0,15915.69
451,10,77,5251.8
262,4,92,12754.06
453,2,22,18886.46
253,7,86,15737.49
315,11,55,8342.58
460,4,39,15377.17
6,6,97,1968.62
417,6,49,8373.05
199,5,89,1548.39
1,12,93,1338.75
67,6,66,6400.76
4,1,61,17457.53
144,8,95,17061.76
50,6,54,4262.89
343,7,29,19189.13
266,7,4,15201.77
304,3,71,10033.82
332,10,49,18432.43
444,4,25,16933.11
257,11,70,3707.84
33,9,90,12318.92
294,3,90,12084.72
481,1,10,19800.71
50,3,78,11763.68
482,9,31,2851.81
432,8,16,19987.24
396,5,41,8470.69
35,3,90,2764.29
312,6,24,11070.8
265,2,31,11225.67
93,5,68,3944.45
136,7,72,1901.75
322,4,74,15059.01
496,4,91,16206.75
101,4,62,19499.27
327,7,21,1942.77
218,3,37,15159.06
442,10,35,2095.41
389,5,92,7401.46
79,7,3,14767.88
281,6,70,6546.47
307,5,28,19552.55
464,8,44,8149.12
192,5,64,19987.03
405,4,98,11809.37
402,3,6,11564.34
225,1,21,10677.46
328,9,54,17005.05
480,8,9,6407.71
62,12,94,3733.45
332,1,70,17197.49
308,2,78,18595.31
395,5,62,9066.09
333,10,92,18143.24
403,10,16,12436.46
104,1,22,16089.41
31,11,63,3529.32
203,12,85,543.45
363,12,2,13882.25
480,8,31,13770.98
230,6,2,17907.95
219,10,77,931.33
312,1,11,8927.91
106,11,2,987.86
5,1,86,1742.91
416,1,35,17649.46
69,10,82,13631.38
476,4,89,2956.66
16,5,40,3600.95
181,10,63,2513.63
394,5,68,18920.94
337,11,69,13597.8
418,5,82,14180.17
296,3,26,18354.01
433,11,92,2689.7
240,7,44,5915.54
89,3,21,7892.2
34,5,96,3223.0
491,2,29,16580.63
227,9,99,15815.92
207,9,95,16468.91
90,10,6,16507.92
351,5,54,14281.38
458,7,79,3232.32
325,11,50,288.41
308,1,78,1109.11
147,5,5,4830.63
159,9,26,13760.71
403,6,80,3671.91
121,10,86,17526.25
366,4,98,9360.98
387,4,59,18452.01
457,9,19,11.91
22,12,93,15557.26
415,9,66,15674.88
151,2,62,253.09
357,1,78,12300.8
373,9,69,1524.86
135,11,4,13209.77
268,12,31,2515.35
399,6,31,9311.28
16,1,69,4053.82
268,10,89,10014.13
470,5,29,13555.44
267,11,96,6640.28
426,6,19,9396.52
329,11,23,3715.82
192,1,12,11610.01
217,2,36,2595.74
32,3,11,17686.49
259,5,68,9206.18
374,2,95,8374.78
86,2,94,1040.01
18,10,49,2053.42
338,9,71,6142.74
85,11,74,19877.78
255,2,24,2894.02
168,9,81,5652.14
311,10,21,5318.24
166,3,8,7768.26
444,9,1,1645.22
361,9,7,6821.64
295,4,20,18993.7
301,7,23,7077.46
419,12,26,5478.27
161,9,92,4962.29
23,5,59,4889.17
389,2,49,12216.1
113,12,5,8301.85
433,9,40,10077.79
374,5,26,17244.85
446,4,64,16965.53
158,8,23,15013.37
306,3,13,4838.44
249,2,51,844.49
102,7,82,19981.18
186,9,94,4294.75
135,5,15,18277.47
212,2,82,1169.48
64,10,46,130.43
403,3,99,18776.65
152,3,58,19844.68
436,7,75,17727.03
75,6,83,12998.73
225,12,60,574.58
375,6,59,13508.32
72,1,25,18953.2
469,2,7,2924.08
495,2,49,8490.42
162,11,79,4129.5
54,2,30,7763.76
352,2,41,6353.56
397,1,23,1736.45
52,1,30,15092.25
221,12,50,18728.73
93,5,6,8031.44
242,10,42,2387.3
126,6,99,6023.81
237,1,99,14039.09
26,9,89,17321.15
334,8,22,6179.0
8,4,38,1706.73
136,12,95,3540.23
309,6,49,14242.25
86,3,83,11711.34
137,12,10,10602.34
14,10,86,13337.35
417,9,13,5386.75
111,1,63,12386.51
228,2,0,5929.43
89,6,63,16135.08
225,12,84,1672.02
134,10,93,9681.25
241,11,89,12925.83
344,2,66,13446.79
55,9,68,10876.92
374,9,94,18906.44
213,5,62,3745.24
232,1,79,7473.11
296,11,35,18905.78
306,10,95,3848.31
103,8,54,11560.55
344,10,7,7451.54
217,3,1,3216.08
111,12,1,19959.65
144,6,38,1586.63
388,5,80,10008.72
171,12,26,1480.82
363,11,73,6141.92
358,11,67,995.24
13,7,79,5929.22
175,6,35,18003.62
340,8,31,14043.55
54,2,39,10188.78
300,9,63,12675.03
36,10,66,9307.17
391,11,34,16941.1
128,11,44,14331.48
335,10,36,19783.94
198,6,13,5391.07
329,5,19,11153.64
287,6,93,9177.53
377,11,29,5381.02
132,7,42,9941.26
260,4,62,16568.46
163,2,40,8509.28
261,10,85,2179.5
13,12,10,13428.28
20,11,55,19630.08
80,3,89,16856.35
329,5,1,12884.77
371,11,57,9543.33
185,3,66,3180.55
182,2,47,13724.35
196,3,37,8332.28
346,5,12,710.97
322,9,38,14012.27
169,2,67,17903.86
15,9,67,17713.33
489,11,56,18687.35
343,2,60,15699.64
108,7,5,2013.14
388,12,37,9619.93
57,11,37,12118.35
237,3,80,9715.69
89,2,67,3216.45
392,6,3,17352.37
123,4,19,2595.49
288,10,61,1473.13
2,8,23,7637.28
273,11,10,6649.33
59,5,85,8668.5
454,8,41,1354.06
409,1,5,19709.62
155,6,66,4520.65
478,1,32,5459.69
171,4,62,15689.93
418,7,12,8951.65
333,8,47,6318.43
370,4,68,6876.16
116,12,46,6767.01
247,9,33,9346.58
288,2,60,5511.55
339,7,17,16064.54
217,1,25,447.44
458,3,66,722.77
318,5,78,4525.1
12,12,99,690.29
460,5,43,1376.42
203,6,73,6692.76
252,5,22,13467.12
172,3,62,15877.63
177,2,83,4122.85
159,4,89,156.91
235,11,61,9588.49
225,1,57,4488.73
21,7,63,10731.25
391,3,59,8090.74
179,11,5,18741.96
386,7,10,6855.58
167,12,42,11707.37
166,5,38,13796.34
173,1,27,6385.01
289,12,55,14745.31
62,10,93,12159.13
475,3,77,15676.55
166,2,77,10045.47
368,6,73,979.71
307,11,67,13164.02
279,11,9,17320.07
90,2,63,12067.92
336,8,87,2772.74
414,4,10,17494.33
338,7,7,19292.23
377,11,59,7315.49
183,2,74,10395.68
199,11,72,3718.56
156,6,43,12261.68
156,2,79,4127.45
480,7,16,4978.41
321,12,35,6179.11
181,1,62,16118.8
386,10,7,4431.76
432,6,6,18636.03
441,5,68,18395.82
420,6,87,6908.26
395,10,52,1690.1
426,8,83,1351.64
191,2,90,3398.49
331,6,22,6172.84
370,7,58,16881.37
24,4,39,18143.57
371,3,91,4244.26
103,6,14,3886.57
14,3,81,888.2
366,2,42,18370.18
396,6,2,18767.57
347,2,58,19853.97
61,8,90,1531.35
350,12,37,17069.11
36,10,2,6444.12
190,5,88,10288.39
110,8,98,5959.25
27,1,49,11466.72
372,9,93,1601.59
168,4,68,1377.7
386,2,90,16710.99
187,1,60,18049.43
147,3,0,9035.6
130,7,18,9375.57
352,7,0,1303.03
112,3,48,8793.13
127,5,75,886.65
320,9,23,14120.12
431,12,92,19039.84
309,8,72,5963.32
198,3,24,14137.9
58,12,28,8914.21
123,2,78,10979.94
356,1,87,4384.9
248,7,82,16591.81
204,5,71,9694.25
195,11,73,18893.08
71,6,40,12896.15
353,4,96,12520.19
202,4,46,15408.84
29,11,79,3561.36
375,3,8,11336.12
85,7,79,13118.21
190,11,79,3691.22
434,2,7,17533.89
255,5,28,16810.54
127,12,99,17661.28
73,7,80,1673.33
254,4,74,14816.63
79,5,50,10132.48
156,10,53,18968.59
376,5,36,10017.81
431,11,58,19071.93
346,9,45,892.39
372,3,66,9420.86
168,3,43,9742.17
408,12,67,5285.43
485,6,63,15823.14
312,1,49,3414.09
357,6,35,1473.33
293,8,73,13713.37
384,9,25,16747.19
256,6,95,4255.5
406,1,28,19432.02
315,7,17,4979.84
106,5,36,18709.97
186,4,83,9374.17
183,1,18,6681.29
120,11,23,16188.01
39,9,44,1907.69
385,3,47,18340.26
363,6,99,10818.63
31,6,32,1088.78
347,9,52,18979.27
180,3,74,10566.46
174,11,6,293.94
395,11,31,7635.52
355,1,84,11840.34
376,4,44,17203.77
356,3,92,14908.28
287,4,35,8472.26
306,9,16,14709.87
213,1,6,5435.94
206,1,73,18522.54
387,10,47,2129.43
199,9,43,11342.51
468,6,16,3198.13
68,2,27,11001.88
183,6,44,13860.86
333,9,73,11661.17
467,12,55,12289.78
301,7,61,16098.08
303,9,14,3037.07
194,10,16,5300.95
1,11,88,7715.31
451,10,2,14296.45
204,9,73,12206.49
458,6,55,7832.26
312,1,97,14137.42
140,2,38,14504.72
3,3,3,18640.86
420,6,83,7567.84
390,10,4,10305.59
179,3,85,17200.99
301,8,29,15134.8
493,6,5,3062.09
471,12,47,2653.09
223,5,70,6640.68
310,9,84,13819.53
460,3,9,10813.02
495,5,15,12044.59
168,2,87,15959.94
238,6,28,15595.31
364,1,27,1191.05
260,12,45,16494.92
285,8,53,17412.67
379,7,30,14175.88
162,9,12,10150.13
402,6,32,16964.91
423,9,36,5263.39
79,3,9,10872.18
122,12,13,17441.36
487,11,61,9672.06
245,12,35,4351.89
395,3,95,13755.61
368,7,66,19408.8
285,1,5,12194.36
9,5,10,10637.92
188,9,85,16742.51
119,5,68,16238.3
131,5,6,9074.96
365,8,98,12446.83
495,3,10,12090.0
92,5,35,19983.82
221,5,46,15198.63
48,7,82,7661.93
475,9,66,9798.01
100,5,44,8226.58
494,7,75,5543.73
277,1,2,12036.11
129,2,11,11397.99
219,11,83,3615.09
472,11,67,5047.46
53,7,74,10951.41
40,4,65,16977.62
52,1,14,8433.29
469,7,38,8256.87
181,4,82,10522.26
171,2,83,15210.62
196,10,55,1854.88
66,9,38,2060.95
361,4,97,4229.82
232,3,56,12907.3
290,7,23,6164.63
173,11,10,19799.04
287,11,49,8.62
274,2,76,4933.9
293,10,86,3443.25
59,5,2,14690.29
1,11,40,3228.43
468,3,79,12989.86
166,10,10,18183.07
383,2,55,14635.09
493,7,99,16866.61
432,12,2,16557.54
130,10,86,19912.23
474,11,19,13933.46
251,2,63,14537.32
223,6,85,1174.83
99,12,62,19725.22
113,1,25,13174.42
378,8,65,16794.64
479,6,62,19444.17
434,6,88,19277.17
227,7,16,19558.59
44,5,80,13326.95
65,7,39,19252.83
226,3,88,11534.69
389,5,57,13061.66
212,3,21,15608.89
264,10,1,2668.0
272,6,86,18603.68
451,1,72,4160.24
430,3,34,18428.87
396,9,9,16980.69
338,6,63,13682.58
185,6,51,2197.3
370,12,43,12428.94
419,11,93,19360.56
153,9,92,1478.94
29,4,69,6460.55
230,11,12,3935.61
130,12,43,16607.33
168,11,79,9393.2
97,11,45,2840.13
333,7,51,18433.99
468,2,3,13677.23
317,10,54,2265.02
475,11,2,2671.53
339,6,56,4918.22
277,10,46,9454.67
380,2,25,5131.93
256,6,80,12664.36
176,12,62,19585.03
473,7,45,11579.2
36,4,59,14794.03
276,1,34,5467.35
173,5,100,12799.08
342,9,55,3450.44
126,8,72,18055.29
134,12,96,12150.17
410,10,50,1836.27
454,12,99,9629.32
57,6,72,5840.51
344,6,8,7033.02
409,12,26,4215.54
435,9,75,4380.16
496,9,17,6267.23
267,8,7,9741.58
339,2,38,1977.13
55,2,28,2565.67
216,4,58,10176.38
123,9,79,2573.17
305,2,93,8431.48
64,1,26,19818.75
70,8,26,6502.95
419,3,88,11523.47
255,6,71,3783.9
196,9,1,4413.66
461,12,41,13504.67
83,7,14,19376.87
133,5,83,16410.61
113,4,42,10323.56
52,9,52,2320.6
259,5,42,6944.84
195,4,57,16324.48
490,3,92,1770.43
424,2,86,12181.57
178,8,16,4372.97
179,4,50,5488.62
289,3,57,10958.79
255,11,34,1067.05
389,8,17,13018.45
274,7,65,3104.95
242,12,97,14171.35
332,3,95,16835.46
31,12,48,2573.66
377,9,59,3678.14
352,9,44,1331.31
4,9,7,18722.65
232,4,34,16080.85
487,12,94,4122.5
238,11,87,13417.72
372,10,0,5836.16
271,10,10,4442.02
191,9,13,18575.68
407,3,48,14220.03
127,6,55,1302.32
360,12,23,2792.5
56,11,11,16157.34
439,3,3,14365.68
331,2,63,10345.64
453,6,100,10379.6
10,10,56,8802.63
50,1,26,15326.91
403,6,69,6727.05
378,7,39,13760.62
181,11,43,6391.4
375,8,12,10484.39
60,1,40,18409.33
444,8,24,18322.38
443,11,68,7006.94
225,4,75,2295.01
35,10,53,197.52
157,10,49,4812.63
491,5,56,11978.55
357,2,99,17341.36
316,2,41,7880.36
402,7,87,10289.96
223,8,74,17509.14
494,9,35,5760.39
169,12,70,3270.78
11,9,44,1629.78
394,5,85,1968.4
120,11,89,8474.19
451,10,27,11894.32
329,11,42,17063.42
54,2,6,17007.36
67,7,61,1556.67
451,7,40,18735.79
178,12,57,3110.57
205,7,93,13623.6
416,11,63,9817.58
179,12,19,1916.53
157,2,94,179.61
167,11,6,15823.79
473,4,86,10665.61
410,11,72,19981.84
98,2,79,5175.95
71,8,88,9266.62
246,12,58,1582.3
420,6,57,18856.63
381,6,16,17448.83
49,8,71,13127.62
9,12,46,5489.05
423,5,96,1201.34
442,11,94,16844.64
293,1,98,14903.97
447,10,20,8862.9
284,3,63,15952.02
325,11,46,13939.56
118,5,88,18102.87
429,3,100,12723.97
152,5,37,2637.14
38,3,15,3528.3
236,11,55,7437.88
172,7,43,16111.78
409,6,89,9343.83
414,3,29,14709.48
148,3,61,17669.01
224,2,88,10389.89
72,10,3,3644.33
497,9,0,15183.61
299,4,52,2575.96
276,3,31,10793.75
311,3,35,9478.46
465,7,73,3122.45
364,6,19,15259.84
28,1,48,3691.69
451,9,16,17831.67
161,9,56,1052.65
401,12,42,11920.88
44,2,27,3385.86
319,1,15,18821.75
113,10,14,4497.19
192,2,54,5499.2
308,7,4,9506.46
160,7,46,6780.16
214,2,84,739.13
480,6,0,3089.88
442,8,48,19196.79
348,8,70,19411.15
459,6,40,7866.73
319,11,95,1322.24
353,10,80,11414.04
276,7,48,18119.67
456,6,52,17388.44
396,10,11,13507.48
368,9,29,2013.54
456,8,8,15348.33
352,7,2,4288.73
410,1,39,19861.12
33,4,14,5964.86
295,2,23,524.08
295,12,39,191.65
88,3,68,12443.89
98,1,46,18457.22
465,12,64,2732.09
307,12,16,9148.43
28,9,87,4887.04
278,1,68,10573.58
364,10,69,15927.84
168,3,10,9373.1
231,1,24,8369.62
246,11,25,8523.83
107,10,14,4031.23
93,2,99,2110.17
229,7,24,15825.74
314,6,16,15282.5
244,10,79,2092.67
172,10,28,19602.79
237,1,11,3819.39
154,12,72,10244.88
276,3,17,4817.63
176,8,59,11268.49
98,12,95,14958.73
241,4,20,11272.05
106,6,27,12897.48
440,7,50,12630.51
243,1,30,10865.35
487,7,6,16499.46
191,2,12,15268.65
268,3,96,13221.67
290,4,48,18139.29
20,3,9,10169.17
150,3,99,6525.85
308,6,55,15472.74
492,7,82,13555.61
118,9,70,16372.91
327,2,48,8204.16
97,10,13,5775.5
277,5,49,12808.87
466,7,76,18486.99
253,11,8,19696.05
98,2,46,19780.96
460,3,84,2022.04
257,1,93,10187.91
75,3,100,9294.34
362,9,96,10040.93
247,10,72,19279.16
357,4,77,11822.63
136,1,90,1826.0
441,2,89,11123.37
118,4,54,8461.8
188,8,3,11269.44
117,1,15,12506.95
337,5,19,19755.05
185,1,33,19470.78
447,5,16,16324.53
93,8,19,17845.56
117,11,50,10573.23
422,2,67,16099.25
442,9,37,3800.67
133,2,73,15925.66
222,12,70,8591.88
28,1,26,12731.43
340,12,61,12538.26
147,9,50,10946.63
274,3,77,6536.17
412,4,62,17228.42
179,8,81,14492.28
231,10,50,7144.66
222,5,44,11731.69
340,2,83,2562.06
280,10,95,19548.31
435,9,43,18785.63
261,1,8,3521.7
272,2,57,7307.03
21,11,78,1661.86
328,6,9,18805.82
468,6,82,15342.62
88,6,11,3405.01
452,7,3,7394.95
50,2,18,1535.94
268,7,85,17083.35
266,1,26,4775.44
438,11,47,1932.59
220,3,14,9646.17
484,12,4,5758.33
289,6,9,611.42
165,3,91,3552.92
175,10,64,12697.81
490,4,80,6233.61
289,2,37,577.9
36,3,53,18946.74
232,3,79,6534.63
387,4,71,14005.33
454,2,52,4127.8
340,4,37,4343.34
284,12,66,19354.1
85,11,50,13975.06
243,2,78,16439.25
346,12,39,7768.97
278,7,38,3696.97
499,6,20,7470.6
358,11,83,3117.66
203,9,88,5328.5
210,2,9,6880.99
222,11,11,13323.4
366,8,55,11186.14
296,8,68,9757.15
389,12,41,7837.75
135,5,52,15216.38
200,1,91,16337.4
190,10,24,10214.8
370,4,45,18538.05
358,8,12,5291.16
478,8,45,18253.93
134,1,66,19695.76
50,12,37,6618.3
398,7,1,16703.7
276,8,83,5593.84
441,9,91,6108.04
439,7,15,16041.01
33,1,63,12129.75
9,2,53,17459.55
174,12,43,8585.78
300,4,87,8873.12
187,6,2,11162.53
118,11,8,17177.77
49,5,74,8717.77
69,7,22,18779.59
430,1,29,4645.05
339,2,41,17939.75
231,3,63,10870.26
3,5,95,15443.85
378,11,16,17045.55
421,1,65,13967.21
286,3,44,10514.67
110,1,65,5692.77
157,5,79,6473.64
135,9,21,9851.36
127,8,31,16426.55
179,8,67,3025.99
355,6,52,11256.21
196,6,27,578.5
214,3,88,5453.22
109,12,90,3848.62
476,2,30,15123.78
159,4,4,15545.37
31,6,38,18243.2
472,1,50,10769.69
235,5,61,9872.46
50,3,76,9291.66
283,11,18,8617.15
85,12,50,2568.96
282,11,13,10074.01
229,7,33,12205.12
396,1,82,530.6
68,8,30,4829.1
86,10,63,4185.75
418,11,88,13894.39
391,11,92,15928.13
321,6,59,2204.31
326,4,77,17206.51
217,1,18,16930.15
439,10,0,14883.65
2,2,32,10564.05
260,1,81,116.57
19,3,3,10208.29
418,4,97,13660.75
456,9,96,17689.46
230,10,0,3097.43
433,1,6,11114.18
33,4,82,16356.37
87,5,31,15639.1
204,2,63,1035.92
274,5,98,16024.35
448,6,16,18488.65
75,12,42,19499.98
439,9,38,16326.48
357,10,22,8039.91
282,11,55,862.52
92,9,19,10848.74
288,2,25,14342.54
233,3,22,7277.79
119,5,52,15829.66
482,8,45,15923.0
418,5,49,3275.64
443,6,59,19630.77
314,11,47,760.21
198,3,9,16864.25
311,7,89,4921.27
183,7,73,9655.97
472,6,41,17218.42
122,10,50,6590.59
414,4,90,12036.98
325,11,53,86.23
472,2,37,13982.95
339,3,28,17202.54
373,10,97,10399.02
135,3,44,11109.81
207,11,41,9310.67
224,8,38,11013.21
47,11,14,850.14
280,8,76,12142.98
40,7,48,2313.67
378,9,44,13377.4
334,3,99,3091.82
220,9,51,1186.55
95,4,78,1981.81
480,8,96,12261.58
329,4,32,6924.89
20,10,99,14428.4
127,12,56,16631.74
30,5,51,3760.98
383,1,53,12816.39
79,2,84,13653.0
3,11,18,15590.63
193,6,54,19435.29
198,8,2,10460.85
217,6,83,9221.24
234,5,50,19758.39
352,7,18,12305.57
227,5,99,18370.51
149,7,12,17159.89
191,8,1,11258.03
149,1,43,5862.71
416,1,39,8117.32
248,9,21,3584.38
152,6,25,4852.41
429,11,52,9878.27
204,12,11,18451.8
322,6,74,14243.53
301,2,55,17303.48
348,3,60,19483.83
269,9,25,6459.5
306,7,35,3783.76
106,7,0,18794.83
486,10,76,9960.86
12,6,51,3029.92
61,12,63,724.29
483,10,13,18569.71
44,5,88,14020.22
371,6,63,17755.33
96,1,29,10331.1
255,12,86,12211.12
221,4,37,5459.01
53,1,97,9741.48
13,11,13,11738.29
229,8,35,4779.2
343,1,6,11712.75
214,6,1,13101.34
382,9,25,16062.01
299,10,87,12359.66
265,5,4,3321.27
248,6,59,4966.7
202,3,34,14270.68
412,8,9,19617.07
176,11,3,10624.09
292,2,71,6929.98
404,9,95,7548.56
280,12,58,8293.24
339,11,83,2204.59
384,9,52,6472.25
249,8,92,18831.1
373,8,15,19837.45
226,7,35,5368.09
475,6,64,3800.37
473,5,38,4887.3
66,2,86,19761.1
79,8,56,15773.72
75,2,55,7601.05
77,6,23,6225.56
404,5,21,4792.57
366,2,54,18296.68
35,3,72,9764.19
448,4,43,13024.54
341,12,71,11109.73
455,3,38,17393.29
121,3,39,16956.65
270,7,88,585.58
217,11,72,15161.01
5,8,31,17339.48
126,7,43,6847.24
407,2,53,8491.52
466,2,28,17734.95
364,7,29,5705.82
279,5,82,3673.1
480,2,99,11494.29
51,8,84,12950.64
33,2,4,7309.86
104,9,99,15791.03
266,8,79,4123.25
485,11,61,6385.41
337,3,8,17991.34
174,5,81,8077.11
286,3,3,5827.43
75,10,28,12299.96
198,3,53,16250.44
85,5,49,11416.07
165,4,94,14755.56
299,10,63,8109.5
433,6,21,3126.36
268,7,89,5402.32
163,3,5,10018.75
397,9,84,8744.6
299,4,68,7721.4
353,4,73,14844.29
366,10,18,13930.79
193,9,66,11567.49
38,7,80,11530.73
141,3,20,10553.09
156,2,85,4681.85
396,11,31,15933.43
1,11,95,10215.57
34,3,6,13944.76
97,10,94,18680.9
478,3,39,13367.01
273,3,48,6693.1
287,11,17,17038.95
110,10,56,13080.13
356,1,83,2444.33
456,11,39,4178.68
304,6,8,6102.51
262,10,89,4667.71
465,4,48,7923.95
173,11,35,8191.95
323,12,57,11219.39
454,5,5,19992.99
47,11,6,7876.92
129,10,1,4694.55
29,12,51,14456.83
229,2,67,7786.09
477,1,53,12146.15
77,1,85,341.92
335,6,71,4773.45
428,11,100,160.95
153,5,78,12024.22
96,6,95,18854.66
195,10,77,2144.16
144,11,5,4924.89
410,10,69,14742.48
371,10,22,10071.84
76,10,80,10919.31
457,6,20,1180.8
398,7,84,10288.37
133,9,30,7824.99
225,3,21,9455.53
266,4,90,2349.32
324,6,18,4201.03
358,11,48,2534.06
473,6,84,18183.03
402,2,84,131.24
68,4,24,16428.52
31,8,86,14403.78
369,11,84,4324.52
402,7,39,19277.65
188,12,86,16345.82
275,1,27,7004.5
108,2,90,12310.93
415,11,29,12833.9
48,1,93,4510.17
350,2,53,5721.22
434,1,5,5345.96
144,11,10,18706.31
404,9,47,2116.04
57,7,37,7962.51
420,4,12,13260.28
243,5,1,14764.52
111,8,21,18525.95
448,9,90,12584.31
427,9,67,2654.65
123,11,11,8013.63
173,7,13,2496.58
27,10,92,9784.66
62,6,80,13834.8
263,3,86,19274.65
72,2,62,10647.9
357,12,20,9671.26
130,7,70,6265.08
437,8,10,18673.74
24,11,59,3589.83
470,9,40,17265.28
270,6,55,1153.51
75,8,59,493.78
197,1,22,8067.26
50,11,46,5426.6
48,10,17,3168.71
240,3,100,13295.89
199,4,31,8255.23
327,10,42,13869.09
495,1,37,7102.65
396,2,59,7498.6
118,6,78,15384.77
229,6,89,3091.58
317,11,30,8629.0
19,1,62,8443.22
238,2,63,4206.51
297,8,63,843.44
161,11,47,13880.59
494,7,60,12063.36
292,3,28,14215.89
340,3,95,7263.57
481,7,33,15779.46
483,9,70,14213.33
337,3,42,14143.17
76,8,11,11912.68
255,3,97,5723.83
321,7,14,2349.2
488,9,5,7404.05
91,11,38,5050.85
98,11,61,1623.41
141,12,24,9938.25
328,6,39,16152.3
39,9,85,4769.06
161,10,44,7522.8
301,6,76,18374.31
214,6,71,994.41
101,11,37,13611.88
415,3,49,13491.18
303,6,54,12078.65
294,8,65,2462.27
31,8,69,18422.35
319,10,95,3297.02
345,5,36,1499.59
231,12,77,9114.67
231,4,79,8054.9
500,6,62,10260.8
479,5,88,13439.13
244,7,14,4823.4
166,11,87,9917.26
484,6,1,15231.75
314,5,50,17510.33
439,6,55,8407.25
161,11,6,10127.73
449,8,7,14889.53
61,5,82,9276.86
494,9,17,9377.32
275,10,100,10462.78
444,1,89,2274.75
474,10,56,6974.48
36,2,30,1694.44
432,4,62,12568.21
210,6,85,2549.39
300,7,34,16860.46
213,10,16,9262.47
300,7,80,256.67
56,4,39,8840.87
379,10,100,10505.72
205,3,100,15591.78
221,5,48,5122.0
257,9,37,16360.12
354,3,82,17787.71
351,6,60,9826.2
412,9,42,65.89
156,8,40,7990.68
186,5,77,294.97
489,12,1,4284.93
92,3,19,10251.21
183,10,6,16671.14
465,9,69,17081.87
278,4,21,4451.1
399,7,64,15336.39
293,4,17,13652.38
118,1,93,7495.1
207,10,92,15361.83
377,11,16,6651.16
239,12,30,5850.66
350,10,31,11066.75
126,1,1,5686.29
427,11,84,9259.04
57,1,92,6768.91
381,6,14,4030.58
273,5,3,2288.12
134,6,60,8506.41
481,12,2,1954.96
430,9,51,933.55
460,10,0,13059.08
45,10,53,8156.46
129,9,55,18184.86
221,11,34,18297.03
205,6,94,7706.68
47,11,9,4290.29
169,7,94,6659.45
194,4,62,6098.49
8,10,7,7890.69
392,10,33,13582.65
432,2,99,14229.4
164,12,29,10960.29
429,7,51,1717.13
95,10,29,9444.84
26,9,40,5074.7
337,5,53,6965.24
237,6,0,16729.33
317,6,60,3192.84
125,12,58,18177.54
469,7,55,19035.96
357,5,94,8019.59
219,11,6,7599.62
441,9,18,17804.38
343,10,26,14932.61
494,5,21,553.73
240,5,39,10145.83
469,7,30,10757.57
97,11,85,16654.86
252,10,75,19816.08
321,3,8,14352.46
311,12,22,1090.59
3,9,51,2714.43
35,3,1,9794.22
453,9,17,11925.23
461,1,82,18427.59
342,9,38,12727.98
254,8,55,5195.76
415,10,24,9992.59
114,8,89,5210.28
296,4,2,6414.08
47,10,68,9865.74
351,7,2,2548.52
129,5,38,14837.83
305,6,76,2010.01
415,10,61,3812.87
125,6,32,17749.8
175,12,35,7794.1
342,9,7,16881.54
228,7,52,12463.13
280,7,39,16887.95
93,12,75,14901.12
106,10,20,11341.07
213,11,14,17902.03
417,12,98,16338.0
485,2,62,6893.92
94,5,91,3901.37
279,8,58,17095.82
43,2,83,16743.18
213,8,37,19967.93
42,11,78,10410.26
210,11,89,14656.5
315,4,3,15863.11
347,10,34,1404.1
50,2,59,2935.18
278,12,11,18648.74
449,4,5,18569.99
108,8,15,11400.1
403,7,74,19690.83
331,4,44,5542.4
308,1,96,16938.38
357,11,85,19972.58
73,1,60,6282.83
141,8,42,7990.4
158,6,94,10305.87
352,4,33,12728.34
303,5,74,727.96
37,1,56,14421.27
380,1,54,5621.27
124,5,72,2366.69
390,2,98,3438.16
286,8,42,11074.55
240,9,72,11389.38
153,8,57,894.04
377,12,62,3377.71
268,6,57,15786.08
27,2,5,16490.35
205,1,61,3110.49
94,7,65,18234.26
9,4,63,18823.94
223,10,97,11975.17
34,7,18,2582.38
340,7,52,8181.23
341,1,97,794.36
308,9,23,11290.07
421,9,41,4976.29
201,5,53,7390.98
227,5,78,7146.54
374,1,64,131.84
45,1,79,17164.91
4,5,25,6785.99
166,1,48,16467.83
373,5,19,2983.79
274,8,43,2313.68
388,8,98,9402.36
127,5,64,17177.61
126,8,11,14785.91
215,6,75,9025.27
384,2,90,12436.11
158,9,92,3441.35
272,6,80,12822.88
234,5,5,11826.79
316,5,1,8195.1
307,10,16,15003.05
160,6,31,15084.25
102,1,12,5657.84
365,6,80,12628.69
190,2,8,5244.7
123,8,53,5607.98
101,3,27,11880.51
89,4,74,597.13
101,9,56,14172.89
204,7,61,19763.12
431,3,24,19260.01
147,5,2,8440.42
90,5,59,10835.41
360,1,74,11092.95
30,3,7,7309.48
83,11,63,7207.03
189,7,53,7286.0
377,8,81,1915.61
132,2,48,8521.01
116,2,38,4730.94
61,9,25,111.25
214,7,10,12855.31
376,3,62,10268.16
320,10,79,14651.28
371,3,98,8864.18
278,11,35,709.89
299,5,72,15239.54
260,2,35,11837.48
345,1,81,17606.65
454,12,7,7856.0
443,5,76,6154.92
165,12,37,5767.45
226,12,97,15385.58
96,9,84,5836.39
219,4,22,4161.55
201,10,15,18069.53
89,2,99,1986.15
135,11,7,11357.19
355,12,9,16185.6
451,1,96,18747.36
174,12,68,14494.87
215,9,66,9685.89
375,8,34,8709.16
334,8,100,18689.2
427,8,49,9976.84
307,11,51,12084.88
387,3,90,11773.59
217,11,17,7573.94
158,11,89,3056.55
215,12,54,1769.5
291,7,41,18606.19
405,3,13,18491.29
9,5,37,9823.85
378,2,0,19037.2
124,8,49,9331.78
404,11,53,5213.34
484,7,0,16501.98
292,8,94,14306.88
85,10,60,7070.08
441,11,63,19759.24
363,11,55,425.06
475,11,30,9502.14
177,1,11,18842.44
385,10,81,8855.82
197,7,67,3978.74
275,3,24,15060.02
476,8,1,19399.51
91,11,12,200.85
46,6,54,1404.19
83,10,62,688.76
107,5,60,13331.18
18,1,91,3275.04
133,7,95,7449.97
420,6,86,2249.63
474,7,35,15651.63
186,10,69,19223.21
320,4,40,14587.13
186,12,43,12596.38
196,4,42,4970.62
315,11,62,17799.39
315,6,38,8327.12
249,9,79,14086.54
290,10,38,4855.54
23,3,17,17470.15
409,12,39,18808.04
156,4,65,16277.93
81,3,73,14564.28
185,2,0,6740.02
500,12,64,15847.99
143,9,33,13052.66
201,7,40,19364.61
393,1,67,2779.34
247,1,54,2850.2
377,3,29,678.92
478,9,62,6771.85
62,10,59,6288.54
299,7,96,5797.7
322,2,23,19158.5
312,5,0,17382.85
163,11,50,1392.16
356,12,2,929.18
235,9,41,10323.68
459,8,60,16288.18
403,2,89,15164.35
340,9,50,11550.27
399,7,26,19205.16
190,2,5,9318.74
348,11,87,16616.31
167,12,96,14711.31
215,4,86,5864.78
146,1,75,3169.77
73,9,50,17115.6
154,3,86,10865.42
311,12,15,4019.61
371,4,41,13332.66
262,10,31,12224.01
490,1,13,10244.08
450,3,85,4296.88
445,1,46,14179.78
75,8,7,5623.43
191,3,79,8284.9
380,11,74,12814.22
325,5,91,18996.63
436,5,85,15381.24
103,8,3,7360.6
74,2,93,18684.57
261,9,86,4700.43
409,12,5,4682.54
130,5,26,1567.51
315,12,11,7461.63
456,3,33,16576.46
46,4,60,11177.51
365,3,22,14187.22
323,3,25,19083.16
85,6,84,16704.78
438,5,48,8436.1
408,5,8,3753.46
273,9,24,8114.42
458,4,65,1778.79
353,4,57,9383.39
87,2,34,18902.47
434,5,52,16816.57
54,3,16,11225.69
127,3,1,11499.8
370,9,70,4009.3
454,2,55,2543.11
305,1,21,19050.36
103,3,57,15746.05
429,9,99,4498.42
392,12,78,5848.49
88,12,52,8832.26
79,2,81,9329.16
34,12,98,7928.72
248,12,71,5779.99
464,2,81,16166.18
284,1,25,4670.26
375,5,15,13235.09
12,2,10,1749.08
141,9,3,14996.75
53,12,26,2025.81
241,7,77,2684.8
379,3,60,11131.95
36,5,77,12681.24
203,11,63,5902.22
177,9,46,13215.9
405,5,10,3769.29
286,8,29,7414.1
492,1,13,4222.11
308,8,60,10472.49
91,5,65,3300.45
445,8,90,12947.42
399,10,39,14598.44
395,11,6,10488.42
498,8,56,3836.89
317,4,56,7887.19
318,5,34,14248.63
453,4,33,6899.71
424,6,1,9485.13
137,2,90,17983.98
134,9,35,18375.6
88,7,30,8909.9
199,9,31,6211.68
486,12,51,12535.26
356,11,2,14049.21
352,12,78,18448.11
424,8,51,10885.76
266,11,94,11327.61
346,4,81,16591.86
174,7,75,19351.53
179,8,36,17778.36
461,7,16,10185.48
410,6,38,1325.23
448,2,74,3695.54
400,9,44,10420.95
372,6,58,6800.89
307,11,25,10395.59
214,10,51,1408.95
153,10,93,14897.7
353,10,72,5010.43
320,1,73,4706.27
411,2,90,1041.24
456,3,36,4442.91
148,11,88,14036.38
30,8,21,1860.49
483,11,23,10349.23
209,4,18,937.57
374,7,8,17622.61
58,5,82,8481.18
423,4,66,1066.52
198,5,68,15965.73
457,1,30,15815.86
180,3,18,8807.0
128,7,84,18080.31
82,6,95,13417.01
299,1,1,16497.49
435,3,46,14190.5
307,12,30,15312.63
154,4,56,8834.27
103,5,22,18921.41
404,9,24,7548.89
203,2,70,13306.13
15,9,57,3579.88
406,8,19,7644.95
49,7,62,1019.86
387,10,54,1085.48
215,3,11,1861.32
90,3,77,7762.01
370,4,27,15043.45
359,4,92,6747.93
307,11,39,1445.98
58,11,78,12533.47
498,4,97,6557.76
396,5,62,7273.15
480,3,67,10864.81
393,7,5,8933.39
461,8,7,17507.96
178,11,50,17830.97
396,11,64,16331.75
205,6,47,4896.02
305,10,27,16676.19
284,1,10,7276.51
439,5,44,17227.82
73,5,12,18388.88
172,4,83,1392.81
455,3,92,12595.03
389,2,6,8743.94
80,12,77,14138.17
77,7,86,2793.67
205,4,84,3879.2
383,7,48,16359.19
187,4,69,8114.97
297,3,71,18362.2
37,4,90,18562.82
216,1,25,11271.02
391,11,91,18936.53
384,3,18,4526.57
250,1,94,5462.79
311,8,93,18535.71
477,3,20,12627.47
248,8,1,2127.59
350,12,98,10486.69
288,11,24,15930.99
368,9,42,14708.67
488,9,6,3562.66
398,12,87,1766.72
116,7,10,5651.49
258,11,28,12828.7
86,12,1,23.99
175,7,55,12651.19
236,1,40,15443.12
145,10,72,14894.41
433,2,6,17264.32
33,5,19,895.42
298,3,39,6923.22
287,9,97,1039.28
451,9,65,17526.84
312,10,1,10224.32
178,6,39,14356.9
176,10,33,241.55
183,11,82,3302.2
113,2,1,4149.77
331,2,25,3053.91
39,4,73,3260.43
244,3,45,15359.58
22,8,33,4413.37
286,5,99,31.04
244,2,40,12215.1
191,11,24,16029.37
432,11,24,9482.05
484,1,73,7708.24
181,8,34,6792.41
309,1,21,16777.21
44,6,38,19236.36
277,7,33,3176.86
217,2,74,8334.8
125,8,96,2311.26
359,10,32,1449.07
7,7,20,10691.94
319,8,91,650.19
361,10,63,19733.32
62,4,44,4947.84
159,6,22,17994.03
224,3,80,19420.98
295,8,96,16247.33
24,7,47,8148.39
105,10,47,11729.36
59,1,60,3236.37
45,8,83,18469.6
242,12,94,19269.34
13,8,46,380.55
271,5,22,16341.5
496,12,25,12974.81
370,8,7,1589.55
460,4,70,15935.52
390,8,34,15615.11
195,2,19,17771.91
400,12,46,7510.29
123,1,29,8018.12
442,10,41,18728.6
229,7,63,19647.03
22,12,3,12901.56
121,9,50,3962.1
88,8,52,5550.68
174,8,59,18250.44
488,8,60,18163.76
470,1,11,11869.6
136,8,45,3085.27
198,9,75,16150.72
137,10,76,16069.45
473,3,94,4411.79
289,5,46,3113.95
433,10,78,18959.95
354,12,4,7580.81
405,7,20,4630.24
370,12,93,15495.4
410,4,45,15282.34
12,1,74,910.96
123,8,3,18375.72
179,9,41,12016.35
470,5,52,5054.24
419,11,75,6828.28
244,12,38,1122.34
264,10,97,7594.6
138,8,73,6981.07
179,12,80,1700.76
312,8,53,13500.18
43,6,90,5597.84
433,6,67,901.73
74,8,71,13686.0
18,9,37,15508.41
10,6,13,11731.5
126,3,19,12961.36
131,1,32,10055.13
142,7,53,6515.62
429,6,87,1821.08
429,12,49,16166.02
139,3,80,2415.1
430,7,11,1374.79
182,4,73,6158.21
461,9,51,911.97
131,8,16,17551.95
177,12,38,646.18
378,8,83,3130.6
178,12,85,5552.02
448,1,57,3199.85
150,11,44,10749.6
90,7,43,12862.12
88,11,50,96.05
232,7,90,12958.58
43,7,60,16377.3
276,7,61,18594.07
111,11,56,10060.05
455,10,26,16901.16
491,11,88,7062.85
214,6,55,12734.42
218,5,12,8522.95
484,11,73,12104.59
396,8,85,17253.22
113,8,75,7478.84
495,9,14,16601.44
21,3,28,1365.95
132,10,25,6665.71
121,5,12,9743.07
489,4,59,4945.25
126,3,3,1794.02
218,5,79,16660.8
425,3,33,9542.68
393,4,26,18464.38
35,12,73,16573.7
23,4,80,19516.67
273,2,27,15301.48
251,4,20,1726.05
355,7,68,16798.62
311,11,40,5827.7
170,2,35,15093.28
435,11,48,11740.73
420,1,4,7926.18
157,3,60,19406.08
165,10,44,17543.88
33,9,69,16277.13
384,9,62,6883.65
231,10,80,15834.66
232,10,99,9158.42
404,9,98,8381.26
94,8,32,11415.31
493,3,89,8847.02
464,5,24,7462.94
246,5,32,14268.53
457,10,32,12342.22
102,6,49,15316.95
290,2,20,16573.9
132,6,58,205.12
392,10,82,9279.1
213,7,13,17659.84
387,6,0,14715.92
118,3,31,18264.54
244,11,11,2808.45
192,7,86,13303.88
338,5,58,14958.54
132,3,12,5023.83
73,8,78,8155.87
499,2,92,15786.35
379,4,87,13913.54
191,10,43,9238.08
41,11,73,12069.46
403,5,56,14322.03
130,10,43,18892.71
62,3,51,13914.59
462,11,54,14877.83
246,7,74,1107.19
375,3,66,7819.45
156,12,67,3313.66
318,2,84,11092.08
155,10,63,17526.3
101,5,55,18544.07
266,1,25,19512.28
494,4,69,9645.97
47,8,24,798.02
169,6,77,18179.81
220,10,78,10646.93
472,7,52,5983.79
155,6,18,19047.54
460,8,10,11007.19
325,2,95,3220.18
439,1,95,17176.87
412,7,34,340.94
159,3,99,17223.49
308,6,19,10831.27
271,12,36,2433.2
440,5,61,9932.28
408,12,34,6663.18
32,2,94,8572.96
390,7,84,12148.17
343,9,92,15455.8
344,7,25,18411.93
173,5,6,2071.11
328,1,82,3814.32
121,5,35,17797.3
288,12,31,2095.69
390,7,14,4967.42
336,9,40,4946.06
497,8,8,15317.16
467,5,11,1333.23
327,3,39,9631.28
361,3,34,18473.72
70,7,9,13703.34
349,3,19,14343.72
207,9,64,1196.69
182,2,63,4648.76
29,10,35,663.3
224,2,24,3163.49
196,3,32,10710.4
259,12,45,19197.84
410,4,35,15958.21
354,12,8,7708.27
312,12,95,17285.52
76,7,52,627.9
140,2,20,2642.24
72,8,4,484.22
68,9,23,391.24
344,3,28,9307.52
59,2,54,19046.05
406,1,55,18893.47
241,10,20,11871.15
8,1,21,15563.53
286,4,6,13943.83
84,12,6,9245.78
496,2,99,14889.32
364,1,66,6352.8
241,8,97,10926.01
113,12,5,19938.73
267,8,46,13922.08
435,11,6,806.89
61,1,32,14353.0
242,9,24,2939.46
495,9,6,8679.23
149,2,99,8362.81
191,1,31,12314.29
312,11,88,15774.04
433,6,96,5958.87
208,6,54,6797.49
64,9,37,14512.03
158,8,1,17906.1
368,12,45,6313.25
335,3,45,9032.46
484,6,77,7306.61
290,2,98,11332.21
251,7,13,5965.68
456,5,8,17988.13
168,4,69,8471.31
445,8,15,10925.25
95,2,6,16140.4
253,11,89,185.89
159,9,23,5020.11
357,11,61,10114.37
443,10,24,11445.93
386,3,75,6800.03
443,6,68,6199.64
298,7,49,2113.53
349,8,16,7477.7
89,12,71,17244.35
417,12,67,2398.84
133,10,56,17441.12
112,3,7,10012.36
71,11,23,2025.89
113,5,59,2569.82
487,4,82,9955.58
446,11,9,15315.77
465,10,0,8863.68
438,11,39,4665.43
368,12,85,12637.7
442,1,24,12611.41
431,8,79,7655.71
80,1,32,2680.45
88,8,66,849.71
22,10,30,5553.47
454,3,30,14483.78
229,11,100,3788.15
397,8,78,4249.71
307,2,28,13308.73
419,8,50,14799.89
366,5,16,14675.7
260,8,41,18892.36
155,12,30,4781.86
175,10,17,2914.72
302,2,7,19083.19
233,8,6,18968.7
249,12,68,16168.04
305,12,54,9749.09
398,6,36,6080.68
374,10,36,14160.84
144,6,70,14063.63
331,8,1,4251.85
162,8,99,3943.9
344,5,4,11031.17
97,11,42,2198.39
435,5,53,19961.64
161,8,35,14356.56
309,10,44,3590.73
211,4,56,6602.74
99,6,38,13636.56
157,12,35,7997.19
93,3,9,9165.83
315,3,51,4847.51
205,10,20,17176.98
335,12,4,12093.35
224,2,12,5336.35
26,10,75,737.1
355,8,57,12139.18
64,8,44,13737.62
137,4,19,7470.4
470,12,87,1723.81
136,11,22,10142.19
96,12,56,18426.52
417,11,40,2618.09
329,2,76,7940.7
317,8,74,15568.43
288,3,17,2199.02
205,7,93,18004.04
269,7,10,1941.29
459,12,9,12490.41
205,2,80,8811.41
155,12,30,15533.45
470,6,66,3927.67
344,1,78,19206.93
392,9,41,10877.88
489,4,13,7768.98
394,11,71,17334.21
411,10,33,16270.92
450,1,99,115.77
406,3,52,16249.18
188,3,63,19474.46
395,10,30,17997.25
349,2,45,343.5
169,6,49,14482.66
97,4,74,15937.54
114,6,76,7811.31
403,5,88,743.04
449,11,90,15999.5
207,10,35,15657.04
458,12,66,3477.71
106,4,100,8085.46
393,2,46,9402.1
294,5,17,14064.41
3,7,92,19819.21
370,3,48,10456.55
85,4,90,10070.95
95,8,54,4335.09
395,10,88,18806.04
423,1,73,3681.27
19,9,29,17624.46
399,8,87,17665.64
335,7,6,18251.51
322,3,96,14407.47
303,5,17,16104.87
317,3,21,964.23
70,11,44,4012.61
130,3,64,6709.13
224,1,82,9519.53
6,4,64,5538.42
192,3,94,2394.28
244,1,77,19164.2
360,3,91,11698.23
128,7,90,16233.81
386,2,75,13739.6
478,4,59,9377.06
85,12,17,14890.76
189,2,65,10417.51
170,12,62,155.53
259,3,5,12741.05
91,1,90,14362.91
480,11,93,14504.99
131,3,82,17165.04
486,1,48,13542.46
307,5,63,4018.79
382,1,28,19890.79
3,7,19,3462.32
182,12,70,14141.58
338,11,97,10201.17
148,11,59,1789.65
136,7,3,4383.41
315,9,96,17967.53
417,4,5,10247.59
214,3,5,11556.73
200,4,95,14031.66
49,2,49,17328.99
281,3,74,19426.68
368,3,70,15344.95
352,3,99,8462.43
452,5,15,8128.21
456,11,26,19824.84
89,9,25,15788.83
4,11,73,13637.99
118,12,27,4152.85
438,8,98,4857.01
160,8,15,6656.93
376,1,17,9194.99
96,6,91,2167.24
43,10,85,13918.68
8,8,24,13134.53
297,2,62,1542.82
356,10,50,404.68
205,1,49,15830.18
361,7,41,7672.82
305,5,21,3577.56
435,8,3,2404.64
207,4,49,15818.94
223,10,6,5074.4
33,2,83,5969.39
175,9,79,17820.0
45,10,23,7176.46
1,5,68,12215.96
378,2,83,13219.21
193,12,89,2524.01
113,12,65,4526.56
449,6,50,18580.75
346,12,1,4364.9
3,1,100,18903.98
46,1,77,12696.66
67,4,36,3635.42
388,11,24,5318.96
116,2,45,7241.24
30,4,72,3140.51
37,1,79,17940.0
344,5,91,7900.8
469,5,27,40.6
225,1,20,9395.79
398,1,95,18570.43
296,7,85,7543.23
408,5,43,7428.29
217,11,32,7048.18
469,10,34,14869.17
330,4,9,16485.36
179,2,62,15888.59
10,5,46,2962.05
297,11,93,15412.65
352,9,100,14447.06
83,4,97,19313.49
37,7,45,11330.13
242,12,36,4102.94
488,9,0,4765.77
50,8,63,6243.43
84,9,26,18798.27
485,10,74,17350.75
72,5,89,17484.17
279,11,99,17338.11
9,10,17,6081.56
84,8,94,10743.97
393,9,45,9789.11
482,2,50,2071.52
404,5,3,6772.08
260,9,25,8826.04
388,9,9,1389.98
84,5,100,16915.06
440,9,77,18490.38
260,9,61,5716.69
293,8,82,3156.4
412,5,9,6803.19
414,6,12,9267.01
458,10,49,547.39
165,8,20,18746.03
348,2,4,14557.65
410,1,65,16564.85
459,10,26,11652.97
274,10,33,2474.56
332,4,8,11053.35
224,4,40,8048.75
373,1,94,8730.76
50,10,4,4050.15
108,8,91,7694.73
96,8,57,6832.31
212,7,30,12958.5
386,8,60,19670.92
481,9,13,2140.41
412,10,66,14680.11
180,7,67,17977.08
467,10,66,5904.92
115,10,28,2802.66
135,4,4,1751.62
453,3,90,18351.51
453,7,29,19892.65
41,2,77,285.65
50,11,17,12516.37
438,9,83,12528.53
418,9,95,15606.24
295,9,16,12151.49
272,6,35,1037.72
149,9,84,15783.99
171,7,57,5219.64
449,5,53,12193.62
487,12,21,2949.22
211,6,9,18449.48
15,7,2,13941.0
456,9,100,13032.12
24,2,26,1410.25
414,1,48,17068.66
109,9,26,15376.25
375,7,38,9736.75
412,7,41,14117.93
102,11,51,2741.08
416,8,53,19581.56
283,3,74,8069.64
388,10,7,5766.96
199,7,79,11601.38
238,2,41,679.58
287,2,11,11986.18
446,6,61,19851.29
363,1,20,9722.68
236,6,9,9203.41
206,10,95,17619.49
469,5,95,11523.29
415,6,39,13174.88
345,8,73,17977.56
43,1,61,16836.0
72,9,52,10416.2
287,2,86,16557.79
236,4,95,4782.16
449,12,53,8174.88
1,5,14,17374.54
102,11,17,14238.37
24,8,39,15931.18
340,10,78,8992.56
209,11,78,11084.4
110,12,60,10233.62
446,4,97,13847.92
468,2,61,18102.7
252,7,91,12635.76
302,1,73,5568.72
322,7,82,13859.99
381,11,9,19927.35
24,1,21,13775.73
68,8,2,5746.89
329,11,0,2422.57
142,3,21,7415.48
3,8,42,18664.57
162,6,6,8918.17
170,9,53,18584.09
295,2,29,6460.36
310,12,39,4723.82
277,5,78,19107.58
69,3,46,2540.87
401,6,61,18023.67
443,3,35,6588.09
344,8,26,8464.04
262,10,76,3839.59
290,3,0,2473.99
490,6,30,15045.81
253,6,65,18013.42
204,5,39,15986.92
394,2,82,10792.92
231,8,75,13827.91
124,4,52,12690.15
377,7,42,2406.02
360,4,5,5780.97
102,5,46,395.02
379,1,18,13184.46
411,8,96,5372.22
489,11,7,11916.66
361,12,44,3698.11
30,5,16,1743.41
135,4,75,12462.48
31,6,49,7758.5
447,9,37,1335.77
153,12,41,5.92
226,2,46,5286.68
370,2,26,1541.7
287,3,26,14405.81
149,1,61,12903.9
256,4,10,6771.68
364,6,11,2194.53
415,2,43,12286.22
448,10,0,14477.4
311,11,64,4576.48
340,2,80,15981.7
401,7,32,15911.67
444,5,50,16864.31
372,5,20,16550.92
487,12,25,16326.23
437,10,67,15601.99
448,3,12,9501.98
407,5,41,19948.62
459,3,24,15057.81
149,2,69,14647.06
424,5,70,5812.84
136,12,17,5413.26
208,9,27,12251.15
240,1,57,4027.35
287,6,80,8746.02
287,2,67,15185.9
201,5,32,370.22
359,7,11,13310.47
171,4,14,5552.84
20,8,64,18543.86
344,5,84,7694.38
340,7,61,1936.05
362,3,55,15573.35
154,8,91,4301.96
177,4,27,16145.96
103,4,36,12699.43
187,8,56,4343.43
226,1,26,9525.16
391,2,7,13759.93
284,9,20,12519.4
380,6,96,12700.61
403,2,100,19946.12
64,7,51,6267.04
395,11,15,7835.59
466,3,37,3660.62
137,2,96,5331.36
4,3,75,377.8
245,11,95,18313.12
207,12,81,18631.24
251,7,37,18547.72
162,6,44,16928.54
8,11,82,7815.38
247,8,49,3238.34
322,7,34,8281.71
340,9,57,4982.09
253,3,73,14253.67
7,7,95,304.44
11,6,93,5524.24
372,2,86,6214.62
430,4,43,11743.95
166,7,70,18918.1
323,5,20,7227.97
417,8,19,19856.13
332,7,9,6992.81
276,4,72,3639.71
392,11,91,10874.76
396,11,0,10450.71
114,1,5,6604.36
143,1,34,2078.31
88,1,9,18736.22
280,5,9,10233.6
474,8,47,9660.75
252,10,33,12807.99
333,2,90,19658.87
177,6,86,19787.93
449,10,29,11278.5
491,11,40,1797.78
47,5,79,19375.67
398,7,50,6987.79
253,4,96,14639.21
37,6,12,14128.46
448,5,9,15702.79
453,1,42,7521.7
322,11,84,11943.35
162,2,4,6344.61
166,9,63,5281.09
447,11,19,17922.9
194,4,19,14407.78
338,10,60,6313.96
277,11,95,13877.51
133,2,49,4577.03
255,1,93,11116.66
416,10,73,2948.21
47,5,20,2017.32
249,8,87,103.1
312,11,52,4893.68
288,7,17,18942.46
105,1,78,15495.7
270,2,74,14784.21
406,6,24,15389.49
32,12,64,10847.79
137,10,92,18809.46
153,10,98,10040.22
308,1,35,4666.44
295,5,53,19503.53
250,7,4,8512.46
402,7,39,15881.93
492,12,67,4148.5
222,6,86,18581.28
320,12,92,4378.22
480,9,98,18536.88
122,2,58,11942.96
269,2,89,11600.03
490,3,100,8874.64
239,12,74,17519.1
68,6,23,7477.53
190,5,97,8157.39
32,3,20,10886.44
361,9,62,7154.83
52,7,0,10016.19
214,3,99,3911.0
374,1,80,18366.61
314,4,47,9517.11
232,12,61,163.41
200,2,37,9461.55
278,7,11,7942.64
312,8,7,19608.53
326,8,26,14379.99
139,9,59,16951.88
480,10,28,12031.36
402,12,100,17116.04
395,9,38,18074.46
162,2,70,10753.71
381,6,46,7618.95
230,6,53,5082.2
109,7,3,1685.33
273,8,38,318.04
336,8,21,15763.58
467,7,28,1188.06
290,8,46,1848.78
449,10,80,10751.74
233,5,52,19343.56
357,5,50,10116.99
70,12,15,13690.33
409,1,65,1574.18
198,4,1,7321.05
430,5,19,3697.08
407,3,100,861.59
202,5,42,12884.05
298,4,65,17190.42
77,10,10,4025.09
431,3,90,19373.34
195,7,1,19769.9
316,11,57,13067.4
391,8,36,13369.18
146,3,71,15984.47
283,6,73,2464.63
322,2,12,6689.78
113,6,22,7125.18
370,1,76,12744.35
14,7,4,7290.8
100,12,28,7091.26
355,7,36,19534.86
139,4,93,18540.53
5,4,13,13778.44
145,7,63,6262.63
3,3,91,12780.82
418,11,22,19152.27
266,10,15,2803.52
232,4,52,4063.03
435,6,81,5812.9
28,6,35,19466.66
341,8,45,6543.07
26,9,0,14349.1
102,8,13,11699.07
361,10,76,6491.87
300,9,46,15418.67
498,9,36,1262.46
79,8,17,10832.61
283,11,95,7641.44
50,5,47,8830.11
107,7,64,5323.62
62,8,67,8613.28
490,3,55,1794.16
89,8,65,2350.91
244,12,33,1360.02
299,10,73,757.69
465,9,50,8878.63
126,2,52,14912.53
448,5,67,16062.51
371,10,10,10939.84
490,1,96,5313.76
330,7,25,4378.45
480,10,81,5859.81
165,7,86,7777.32
374,10,50,4141.04
211,1,1,9552.39
91,6,91,4332.7
104,7,66,13272.84
24,6,69,16786.01
382,1,89,1311.17
275,2,2,223.28
306,8,35,19853.35
414,5,58,16208.8
173,6,62,15621.17
406,10,56,10901.05
346,5,19,9548.68
184,10,16,7164.66
115,5,12,14337.92
8,6,0,8997.59
138,4,14,4058.32
268,4,79,11280.5
468,9,82,8161.02
55,5,34,4219.98
181,5,24,7092.75
179,2,27,19556.38
324,10,62,12746.62
280,11,38,19438.02
218,6,89,10457.8
212,7,3,8213.91
401,7,29,6399.01
86,1,55,2709.18
200,8,34,1919.81
59,11,39,7503.36
73,1,5,19029.15
285,4,74,11859.26
105,7,43,9776.72
164,2,10,10649.37
234,7,6,13456.75
157,1,30,11608.84
17,4,44,11377.41
368,1,21,10017.2
134,5,57,8570.09
185,9,9,3878.48
131,8,99,12307.61
345,9,73,17824.92
64,11,91,4124.78
416,6,91,8402.04
426,11,95,19287.13
427,1,56,15694.29
465,4,17,19049.95
101,9,44,2363.62
238,1,8,761.68
380,8,22,5737.57
143,8,38,3636.51
275,4,52,8053.46
476,4,19,15736.27
331,12,32,5794.59
139,8,20,13527.36
146,3,4,10443.46
81,11,93,17712.31
123,9,36,9731.7
19,8,53,2996.62
417,12,70,16782.94
358,6,5,5109.34
124,2,10,6854.45
72,4,97,15987.22
10,3,7,19650.93
72,11,26,19498.16
271,9,91,895.33
183,5,47,14865.84
148,4,26,15041.3
378,6,16,13252.77
366,12,42,1326.48
81,3,3,10622.26
131,2,82,17347.84
44,5,77,11357.01
89,7,41,2096.44
362,4,83,1417.74
212,11,63,14502.55
494,2,75,15526.1
277,4,84,4719.87
350,6,30,14118.23
62,10,32,7204.53
106,9,65,8637.68
289,9,11,2116.05
77,1,75,3122.26
423,3,84,17634.08
205,7,31,1460.21
434,8,96,19409.51
69,1,11,5890.15
398,3,91,6463.13
410,8,66,13480.03
463,2,91,10559.63
112,7,25,1697.21
248,10,14,17705.84
222,3,46,1618.84
216,3,6,11029.41
409,5,68,8587.79
398,12,87,8165.5
286,9,0,278.65
193,5,43,12359.04
128,12,95,19934.21
146,5,73,3615.88
391,1,96,14502.24
228,2,73,18443.58
455,6,78,3747.35
358,2,67,12355.81
233,9,52,4617.03
113,8,63,18300.83
359,7,47,17802.6
295,12,49,12905.35
197,8,70,19343.1
319,11,39,2612.54
29,10,82,18425.27
493,3,98,8248.36
313,10,41,9321.43
52,6,38,17099.27
244,4,24,17707.5
474,10,45,17369.41
284,6,52,9551.82
496,3,32,3976.19
388,3,9,16392.57
192,1,14,5208.75
225,5,35,8129.98
290,10,98,19984.97
415,4,8,19562.56
289,9,80,6927.0
31,11,37,5041.36
493,4,7,17259.37
163,12,89,10792.84
117,10,76,16059.98
228,3,0,8329.04
45,2,75,7360.63
94,11,18,1509.62
89,2,31,13605.77
310,11,91,13979.54
297,10,97,2502.41
91,4,35,3242.05
465,6,22,13550.17
78,3,22,12064.26
214,6,34,19342.6
13,8,9,5106.33
178,9,88,16289.41
22,8,22,17015.69
37,7,12,6896.39
2,8,69,17581.59
19,3,0,10269.52
369,7,5,6227.83
71,6,22,12585.44
244,8,78,18681.09
236,12,64,17598.05
463,8,7,1375.43
133,8,95,17523.65
439,5,48,17533.44
140,7,87,10551.42
219,12,67,7095.89
55,10,13,3739.94
294,4,1,18239.55
313,3,65,982.17
323,8,39,14522.37
167,7,80,6756.43
376,1,6,1169.38
17,7,46,1024.89
155,8,5,2442.45
491,6,58,17717.46
46,4,65,18456.0
138,11,53,16692.02
195,5,35,17953.57
491,7,21,9048.46
54,3,12,12104.6
308,4,86,2186.66
146,1,20,3756.72
182,3,12,8029.73
387,10,33,13274.09
496,5,38,4863.57
267,7,69,17586.42
499,8,13,15923.36
146,5,97,7258.62
198,4,57,2355.4
304,4,65,662.11
283,12,11,12536.26
328,12,44,5588.94
14,4,79,9244.61
367,1,94,6409.94
80,5,20,9772.84
326,11,71,12944.79
448,10,76,13270.96
123,7,58,8309.64
22,5,30,1666.96
344,10,72,9669.72
134,2,88,1085.65
76,1,85,13225.29
105,12,66,1928.11
273,7,50,11514.84
354,1,9,8595.59
457,3,82,8044.89
186,4,33,19966.9
100,10,0,14182.85
162,12,95,19586.46
253,1,48,3919.38
67,6,39,6560.82
323,5,46,15040.64
299,5,94,16184.05
455,12,71,15100.69
320,11,49,5569.68
206,10,57,9757.03
306,11,37,14979.9
60,5,23,19253.43
134,2,79,7477.39
483,4,10,2809.78
48,6,24,13993.64
161,11,87,15740.05
446,12,22,11919.33
250,9,16,4327.0
256,12,8,14826.98
34,6,2,4107.36
402,7,92,12365.33
83,7,70,3463.04
341,12,75,12024.87
27,8,54,3409.25
242,4,33,4312.57
119,6,67,14681.24
44,9,81,1540.17
249,1,93,18614.07
81,4,7,14506.15
30,4,68,723.57
486,5,21,5421.65
405,3,97,10531.13
339,1,39,1043.58
395,3,82,16762.79
102,1,13,4116.17
91,6,11,14215.63
74,3,75,531.69
240,3,39,18325.05
358,8,7,19792.53
149,4,90,9524.72
488,7,48,11827.53
147,5,49,15599.53
122,7,33,16981.77
222,11,61,6354.95
361,5,26,8010.87
3,5,43,8586.74
406,5,28,3858.89
464,6,36,1738.52
440,7,1,13435.65
67,2,45,5580.18
97,3,77,5857.83
199,4,49,2166.23
251,4,65,15619.06
24,6,65,6150.74
103,10,1,2593.83
468,8,91,18025.84
393,7,74,14564.22
39,7,100,5916.19
403,5,67,18864.01
70,9,23,14007.56
218,2,90,6170.03
38,4,68,2057.62
110,1,83,7422.54
34,4,57,14232.11
57,5,35,6360.27
232,11,55,4227.17
365,10,18,4477.42
26,11,47,1952.65
379,2,55,1757.59
177,2,18,3549.1
436,4,19,7673.3
320,7,63,15828.75
354,1,52,5631.46
31,4,99,6744.22
50,8,85,9433.72
217,7,62,13735.82
454,7,62,12622.96
492,3,52,8939.72
210,11,92,5215.17
452,10,24,18464.83
10,9,48,795.29
394,10,82,8407.01
201,3,25,6817.26
284,11,66,6527.98
388,2,32,2917.22
264,5,81,1585.3
287,9,4,16847.29
187,8,83,18480.54
103,5,82,1141.83
162,5,90,4998.55
312,7,58,5756.94
109,11,36,16601.96
322,7,70,8016.1
378,11,98,19229.58
247,6,50,9457.0
260,1,49,14652.49
259,11,28,16860.68
338,5,64,10923.67
271,1,16,8286.21
486,5,68,7888.56
169,11,76,9436.28
8,7,48,10325.82
40,6,0,1314.81
247,12,8,15145.56
321,6,80,17651.05
264,6,41,8992.64
194,8,86,3021.11
374,3,11,9514.03
368,3,99,1535.21
289,4,28,13135.37
10,7,29,15235.39
448,2,92,9864.24
265,5,68,15652.97
457,4,44,2859.37
148,3,70,17989.09
166,12,28,14111.83
324,7,45,10901.54
357,12,49,4579.49
470,9,64,8801.62
301,2,87,32.24
274,12,18,9866.91
228,1,91,15538.42
29,11,44,3198.85
98,8,37,9793.26
190,8,11,7371.23
117,7,3,15693.91
277,9,27,4683.64
105,2,25,2561.31
309,10,20,4392.28
401,8,96,1469.96
20,9,61,9003.07
351,5,91,6634.77
106,8,48,5834.08
43,12,11,5434.87
94,5,90,16631.16
500,7,59,19898.66
52,3,56,1848.15
387,5,81,6817.31
268,11,77,113.63
225,1,8,8543.36
54,8,31,10744.41
77,5,8,442.34
234,8,100,11111.82
419,10,44,2798.01
481,10,11,13046.86
159,2,57,16781.54
264,8,22,3888.31
313,8,67,14097.96
133,3,52,508.75
56,2,66,14638.61
234,4,31,3522.48
395,11,90,1160.78
267,10,62,17529.19
249,12,35,16266.35
81,4,44,6990.68
91,11,81,17604.61
61,7,55,1143.38
57,7,91,7375.35
167,11,30,9810.03
249,7,42,14064.05
189,6,21,16292.63
326,5,52,18390.6
215,2,17,3140.55
328,9,67,19267.08
6,9,8,9825.17
313,3,41,9336.55
135,2,52,13754.37
280,2,9,10759.68
23,9,34,11631.34
236,1,14,7820.33
309,9,29,8641.48
125,12,16,19637.4
301,10,39,9678.07
446,7,45,6280.23
85,5,79,8924.42
394,8,18,7585.22
365,5,59,7655.02
70,9,37,7774.01
397,6,91,6084.04
424,9,8,139.03
165,1,98,13866.89
62,12,24,14877.76
370,10,39,7328.23
278,2,59,4578.08
123,7,82,14203.87
442,4,19,10233.49
144,9,19,17127.98
422,9,4,5141.37
429,2,78,18934.28
125,12,25,13419.66
170,11,60,8132.36
99,7,90,10093.32
240,10,56,5131.09
71,12,33,16773.48
349,8,10,13226.98
153,12,43,12420.18
401,2,57,10156.91
236,7,44,19549.67
63,3,23,12220.04
318,7,34,4402.99
378,5,41,16274.61
208,9,83,5444.66
282,12,65,6576.52
313,8,1,15746.36
291,9,17,3130.67
263,2,72,19949.16
40,8,17,3013.34
114,9,30,15969.13
280,1,32,7024.19
281,8,36,18945.4
368,11,71,13745.81
5,4,30,1925.5
53,11,63,7759.1
496,11,40,14558.8
273,5,95,16287.79
455,5,55,7931.51
313,8,40,4581.73
306,9,24,4826.6
281,2,48,14620.92
184,12,64,16211.76
24,8,41,8378.62
252,12,10,15652.32
29,2,5,9769.8
456,4,61,18464.75
177,11,53,1843.22
445,1,47,6565.49
118,10,6,18740.7
444,3,91,15247.81
349,4,48,2316.21
439,1,40,12326.27
385,10,43,16364.53
240,10,70,17074.34
321,6,71,5937.68
481,5,47,5351.64
87,2,51,2279.47
3,11,57,16620.52
406,1,2,6329.97
271,6,4,6667.8
175,8,4,1101.67
